id_pay,id_order,dim_status,dim_type,m_amount,date_created
51132874,37856999,ACCEPTED,CB_SANS_CONTACT,16.1,2018-08-08 12:17:22
29021533,20355020,ACCEPTED,CB_SANS_CONTACT,13.9,2018-01-31 12:49:26
180172825,143751020,ACCEPTED,CB_SANS_CONTACT,25.3,2020-09-23 12:51:19
114043888,88950069,ACCEPTED,AMERICAN_EXPRESS,75.6,2019-08-24 19:31:05
32433714,22894007,ACCEPTED,BANK_TRANSFER,66.0,2018-03-08 14:00:10
27991201,19553878,ACCEPTED,BANK_CHECK,44.0,2018-01-18 20:52:49
75650068,57499061,ACCEPTED,BANK_CHECK,840.1,2019-01-28 17:49:28
144498285,113883716,ACCEPTED,VOUCHER,-1.3,2020-01-20 12:14:22
115258735,89950217,ACCEPTED,SUMUP,23.5,2019-08-30 21:08:28
40764122,29576034,ACCEPTED,CB_SANS_CONTACT,16.7,2018-05-23 11:47:06
72283083,54788796,ACCEPTED,AUTRES,86.0,2019-01-05 21:25:07
77434370,58952018,ACCEPTED,CB_SANS_CONTACT,14.5,2019-02-08 21:19:41
42998198,31386302,ACCEPTED,BANK_CHECK,300.0,2018-06-09 19:46:59
45317775,33242656,ACCEPTED,BANK_CHECK,343.9,2018-06-27 11:36:24
183831855,146793499,ACCEPTED,CB_SANS_CONTACT,28.45,2020-10-13 18:59:03
1221634,835290,ACCEPTED,BANK_CHECK,29.5,2016-03-16 20:48:45
6517921,4390416,ACCEPTED,BANK_CHECK,27.5,2016-12-12 22:01:40
154956073,122441404,ACCEPTED,CB_SANS_CONTACT,15.8,2020-03-07 19:52:30
4835058,3387309,ACCEPTED,AMERICAN_EXPRESS,312.0,2016-10-21 12:24:56
155768122,123044627,ACCEPTED,CB_SANS_CONTACT,27.5,2020-03-11 22:01:09
151651330,119704186,ACCEPTED,CB_SANS_CONTACT,22.75,2020-02-21 21:32:14
156065881,123313552,ACCEPTED,VOUCHER,-8.2,2020-03-13 11:20:04
6372850,4300050,ACCEPTED,BANK_CHECK,21.15,2016-12-08 21:22:03
161891805,128445333,ACCEPTED,CARTE_TICKET_RESTAURANT,38.0,2020-06-17 10:46:04
21706409,14904555,ACCEPTED,AMERICAN_EXPRESS,13.9,2017-10-18 12:17:58
68092636,51359865,ACCEPTED,CB_SANS_CONTACT,17.2,2018-12-05 12:53:53
23621060,16197641,ACCEPTED,CARTE TICKET RESTAURANT,13.9,2017-11-14 12:52:31
48508186,35784144,ACCEPTED,BANK_CHECK,46.0,2018-07-19 12:35:03
59794626,44658088,ACCEPTED,CB_SANS_CONTACT,14.5,2018-10-09 11:22:04
163430072,129724438,ACCEPTED,BANK_CHECK,50.0,2020-06-25 16:09:57
103222422,80026822,ACCEPTED,SUMUP,22.5,2019-06-29 22:39:54
151512488,119578500,ACCEPTED,CB_SANS_CONTACT,13.9,2020-02-21 13:00:04
96512824,74518168,ACCEPTED,SUMUP,42.0,2019-05-27 19:35:51
162278084,128747913,ACCEPTED,BANK_CHECK,44.0,2020-06-19 11:30:21
122171065,95608878,ACCEPTED,CB_SANS_CONTACT,25.5,2019-10-01 21:50:17
174688979,139149477,ACCEPTED,CB_SANS_CONTACT,14.3,2020-08-26 12:02:58
123038696,96327945,ACCEPTED,AMERICAN_EXPRESS,149.0,2019-10-05 13:20:04
49331714,36431191,ACCEPTED,CB_SANS_CONTACT,13.9,2018-07-25 12:21:24
142739861,112441664,ACCEPTED,CB_SANS_CONTACT,27.0,2020-01-11 19:55:45
159839849,126697187,ACCEPTED,VOUCHER,-3.5,2020-06-03 10:40:25
66608410,50163364,ACCEPTED,CB_SANS_CONTACT,14.5,2018-11-24 20:41:49
138665316,109099603,ACCEPTED,VOUCHER,-0.1,2019-12-19 11:16:34
4032784,2919277,ACCEPTED,AMERICAN_EXPRESS,31.3,2016-09-24 13:13:33
185756168,148402566,ACCEPTED,CB_SANS_CONTACT,18.05,2020-10-25 13:01:32
69230451,52270615,ACCEPTED,CB_SANS_CONTACT,19.4,2018-12-12 22:03:07
148492720,117123868,ACCEPTED,CB_SANS_CONTACT,27.0,2020-02-07 19:51:47
83570199,63940859,ACCEPTED,CB_SANS_CONTACT,17.0,2019-03-16 20:54:52
75724804,57565696,ACCEPTED,BANK_CHECK,402.0,2019-01-29 12:05:57
71922067,54493618,ACCEPTED,BANK_CHECK,46.8,2019-01-03 14:22:47
105373772,81766682,ACCEPTED,CB_SANS_CONTACT,8.1,2019-07-10 11:52:07
173530198,138181816,ACCEPTED,CB_SANS_CONTACT,7.3,2020-08-19 11:51:36
59810499,44660341,ACCEPTED,CB_SANS_CONTACT,13.2,2018-10-09 11:57:44
93720538,72236002,ACCEPTED,UBER EATS,42.5,2019-05-12 19:55:42
95872497,73970277,ACCEPTED,CB_SANS_CONTACT,17.2,2019-05-24 11:52:57
151356792,119477601,ACCEPTED,CB_SANS_CONTACT,31.5,2020-02-20 19:48:53
149881348,118273871,ACCEPTED,VOUCHER,-6.1,2020-02-14 11:22:52
96186982,74232923,ACCEPTED,AUTRES,84.0,2019-05-25 18:51:16
70308524,53141352,ACCEPTED,BANK_CHECK,712.5,2018-12-19 22:55:49
146790151,115738855,ACCEPTED,CB_SANS_CONTACT,13.9,2020-01-31 11:49:53
73523292,55787605,ACCEPTED,BANK_CHECK,40.0,2019-01-14 20:20:37
7045404,4763766,ACCEPTED,BANK_CHECK,49.5,2017-01-02 18:46:18
160167827,126977644,ACCEPTED,BANK_CHECK,549.0,2020-06-05 16:23:32
76111795,57863825,ACCEPTED,CB_SANS_CONTACT,20.3,2019-01-31 19:47:08
95663108,73802861,ACCEPTED,CB_SANS_CONTACT,15.5,2019-05-23 12:16:29
142198033,111963267,ACCEPTED,BANK_TRANSFER,128.3,2020-01-09 13:56:38
183092259,146151174,ACCEPTED,CB_SANS_CONTACT,5.2,2020-10-09 12:01:17
133864043,105182879,ACCEPTED,VOUCHER,-0.5,2019-11-26 11:56:35
103212733,80021524,ACCEPTED,SUMUP,33.0,2019-06-29 21:43:55
4523888,3253338,ACCEPTED,BANK_CHECK,73.5,2016-10-13 21:17:06
53690258,39807635,ACCEPTED,CB_SANS_CONTACT,17.5,2018-08-29 21:38:47
24404200,16787256,ACCEPTED,CB_SANS_CONTACT,19.38,2017-11-25 19:45:06
32122850,22670056,ACCEPTED,CB_SANS_CONTACT,10.7,2018-03-05 13:28:11
182643363,145819391,ACCEPTED,VOUCHER,-3.1,2020-10-07 11:08:13
45651251,33488143,ACCEPTED,AMERICAN_EXPRESS,56.0,2018-06-29 12:11:25
46462063,34134398,ACCEPTED,CB_SANS_CONTACT,14.5,2018-07-05 11:32:49
186365871,148924733,ACCEPTED,BANK_CHECK,1130.0,2020-10-29 15:45:49
97998818,75748890,ACCEPTED,UBER EATS,49.8,2019-06-04 21:03:13
147643037,116451200,ACCEPTED,VOUCHER,-1.3,2020-02-04 11:47:17
56698035,42126588,ACCEPTED,CB_SANS_CONTACT,13.9,2018-09-18 11:48:51
132665732,104172884,ACCEPTED,BANK_TRANSFER,220.5,2019-11-20 14:20:38
142588284,112317806,ACCEPTED,VOUCHER,-22.9,2020-01-11 10:01:44
63879114,47951009,ACCEPTED,CB_SANS_CONTACT,16.1,2018-11-06 12:46:00
139819346,110045666,ACCEPTED,BANK_CHECK,495.8,2019-12-25 11:48:45
5800550,3883842,ACCEPTED,AMERICAN_EXPRESS,75.0,2016-11-18 14:07:50
143152252,112786160,ACCEPTED,VOUCHER,-2.2,2020-01-14 11:00:17
2939964,2092834,ACCEPTED,BANK_CHECK,65.0,2016-07-21 21:17:29
179166776,142915288,ACCEPTED,VOUCHER,-5.8,2020-09-18 10:20:58
145324098,114556091,ACCEPTED,VOUCHER,-2.8,2020-01-24 12:17:48
67993291,51296511,ACCEPTED,CB_SANS_CONTACT,18.5,2018-12-04 19:08:25
59052523,44046458,ACCEPTED,CB_SANS_CONTACT,14.5,2018-10-04 11:48:17
125792822,98595282,ACCEPTED,VOUCHER,-1.07,2019-10-18 10:23:48
42382067,30875373,ACCEPTED,CB_SANS_CONTACT,10.1,2018-06-05 12:01:53
119701071,93568962,ACCEPTED,CB_SANS_CONTACT,16.1,2019-09-20 11:19:26
53901186,39974255,ACCEPTED,CB_SANS_CONTACT,14.5,2018-08-31 11:26:22
42280125,30799974,ACCEPTED,CB_SANS_CONTACT,11.9,2018-06-04 12:27:34
154707887,122182196,ACCEPTED,CB_SANS_CONTACT,44.1,2020-03-06 20:57:22
148139047,116825023,ACCEPTED,CB_SANS_CONTACT,24.9,2020-02-06 13:14:42
85266920,65277049,ACCEPTED,AMERICAN_EXPRESS,102.6,2019-03-26 22:37:24
143628330,113174298,ACCEPTED,VOUCHER,-0.8,2020-01-16 12:39:14
10172223,6970344,ACCEPTED,CARTE TICKET RESTAURANT,13.9,2017-03-31 12:34:53
3874041,2811342,ACCEPTED,BANK_CHECK,142.0,2016-09-17 20:11:33
13933385,9813669,ACCEPTED,CARTE TICKET RESTAURANT,16.1,2017-06-21 11:48:10
133626818,104983807,ACCEPTED,UBER EATS,43.3,2019-11-24 21:27:49
89709263,68911930,ACCEPTED,CB_SANS_CONTACT,24.6,2019-04-19 12:03:29
78127946,59492985,ACCEPTED,CB_SANS_CONTACT,17.2,2019-02-13 13:02:43
8662679,5847643,ACCEPTED,AMERICAN_EXPRESS,95.0,2017-02-18 23:14:55
146559473,115565842,ACCEPTED,VOUCHER,-0.1,2020-01-30 12:05:53
23231655,15915025,ACCEPTED,CB_SANS_CONTACT,23.3,2017-11-08 13:27:16
50499763,37348677,ACCEPTED,AMERICAN_EXPRESS,70.0,2018-08-02 21:19:08
179113824,142827611,ACCEPTED,CB_SANS_CONTACT,28.57,2020-09-17 21:47:15
134329835,105519339,ACCEPTED,CB_SANS_CONTACT,18.2,2019-11-28 13:02:35
177366748,141387556,ACCEPTED,CB_SANS_CONTACT,25.7,2020-09-09 12:52:09
177767774,141745048,ACCEPTED,VOUCHER,-0.1,2020-09-11 11:07:30
147487194,116320888,ACCEPTED,VOUCHER,-4.85,2020-02-03 12:25:14
170879546,135947880,ACCEPTED,UBER EATS,37.0,2020-08-02 18:07:31
103957369,80614819,ACCEPTED,CB_SANS_CONTACT,33.0,2019-07-03 19:21:19
146157597,115214703,ACCEPTED,CB_SANS_CONTACT,18.9,2020-01-28 12:47:18
155609987,122972084,ACCEPTED,VOUCHER,-4.7,2020-03-11 12:01:15
134207551,105430701,ACCEPTED,AMERICAN_EXPRESS,203.0,2019-11-27 22:22:04
161679783,128262675,ACCEPTED,AMERICAN_EXPRESS,38.0,2020-06-15 21:11:10
80533137,61454933,ACCEPTED,CB_SANS_CONTACT,13.9,2019-02-27 12:49:17
138463014,108939031,ACCEPTED,VOUCHER,-0.1,2019-12-18 12:06:14
160640115,127384973,ACCEPTED,VOUCHER,-0.5,2020-06-09 10:20:16
155218366,122650849,ACCEPTED,VOUCHER,-0.5,2020-03-09 11:38:33
5963756,4006229,ACCEPTED,AMERICAN_EXPRESS,275.0,2016-11-24 22:58:39
185508730,148182621,ACCEPTED,BANK_CHECK,72.0,2020-10-23 18:44:33
79583516,60689028,ACCEPTED,CB_SANS_CONTACT,18.5,2019-02-21 18:48:00
146936998,115863961,ACCEPTED,CB_SANS_CONTACT,20.5,2020-01-31 19:52:22
181601887,144938590,ACCEPTED,VOUCHER,-0.76,2020-10-01 11:37:55
68660641,51825543,ACCEPTED,CB_SANS_CONTACT,17.0,2018-12-08 18:32:55
41896182,30480381,ACCEPTED,CB_SANS_CONTACT,16.5,2018-06-01 11:45:56
55209437,40960880,ACCEPTED,BANK_CHECK,165.0,2018-09-08 13:34:31
1686022,1179620,ACCEPTED,AMERICAN_EXPRESS,204.78,2016-05-04 11:51:59
186464842,149007231,ACCEPTED,VOUCHER,-5.1,2020-10-30 11:05:40
144483919,113872008,ACCEPTED,VOUCHER,-1.3,2020-01-20 11:46:54
168621070,134054874,ACCEPTED,VOUCHER,-4.2,2020-07-22 10:23:01
138695024,109127403,ACCEPTED,VOUCHER,-0.1,2019-12-19 12:11:49
128623939,100887373,ACCEPTED,CB_SANS_CONTACT,14.5,2019-10-31 13:12:43
99802868,77170923,ACCEPTED,SUMUP,340.5,2019-06-13 21:46:56
133464355,104840040,ACCEPTED,CB_SANS_CONTACT,21.5,2019-11-23 21:51:25
79348895,60480332,ACCEPTED,AMERICAN_EXPRESS,63.8,2019-02-20 13:01:53
153238613,121017913,ACCEPTED,CB_SANS_CONTACT,27.0,2020-02-29 02:04:24
148549063,117180120,ACCEPTED,UBER EATS,55.3,2020-02-07 22:54:11
39606070,28649915,ACCEPTED,AMERICAN_EXPRESS,37.71,2018-05-12 18:01:58
184321443,147199553,ACCEPTED,VOUCHER,-1.5,2020-10-16 12:19:39
5168131,3479206,ACCEPTED,AMERICAN_EXPRESS,26.5,2016-10-26 11:23:09
88482717,67904681,ACCEPTED,CB_SANS_CONTACT,17.0,2019-04-12 20:54:05
102511004,79434859,ACCEPTED,CB_SANS_CONTACT,21.5,2019-06-26 20:03:40
118507665,92621383,ACCEPTED,AMERICAN_EXPRESS,42.64,2019-09-14 19:01:39
61264524,45764671,ACCEPTED,CB_SANS_CONTACT,16.4,2018-10-18 17:21:56
181513979,144855507,ACCEPTED,CB_SANS_CONTACT,21.5,2020-09-30 20:48:29
131496052,103249232,ACCEPTED,CB_SANS_CONTACT,29.0,2019-11-14 19:51:57
182927106,146040452,ACCEPTED,CB_SANS_CONTACT,38.0,2020-10-08 18:30:51
84592212,64769266,ACCEPTED,SUMUP,35.0,2019-03-22 20:41:33
94889118,73140926,ACCEPTED,CB_SANS_CONTACT,12.1,2019-05-18 21:02:09
61129096,45722621,ACCEPTED,AMERICAN_EXPRESS,43.5,2018-10-17 21:03:44
152146522,120132717,ACCEPTED,VOUCHER,-1.4,2020-02-24 11:20:19
22346565,15342026,ACCEPTED,CARTE TICKET RESTAURANT,13.9,2017-10-27 11:49:40
93032793,71670522,ACCEPTED,CB_SANS_CONTACT,13.2,2019-05-09 10:06:23
66462310,50054231,ACCEPTED,UBER EATS,47.5,2018-11-23 22:06:05
151139224,119299870,ACCEPTED,CB_SANS_CONTACT,29.0,2020-02-19 21:26:13
131001630,102832211,ACCEPTED,CB_SANS_CONTACT,13.9,2019-11-12 13:00:54
184497609,147341601,ACCEPTED,CB_SANS_CONTACT,16.7,2020-10-17 11:21:49
132506046,104066188,ACCEPTED,CB_SANS_CONTACT,26.0,2019-11-19 19:18:08
148065482,116791195,ACCEPTED,VOUCHER,-0.1,2020-02-06 11:06:58
126227566,98932168,ACCEPTED,CB_SANS_CONTACT,44.0,2019-10-19 21:00:36
132312072,103905816,ACCEPTED,BANK_CHECK,83.5,2019-11-18 18:34:25
50474123,37337772,ACCEPTED,AMERICAN_EXPRESS,39.0,2018-08-02 18:52:33
101777273,78845001,ACCEPTED,SUMUP,47.0,2019-06-22 20:30:46
180110927,143706215,ACCEPTED,VOUCHER,-0.1,2020-09-23 10:20:45
146556458,115563414,ACCEPTED,VOUCHER,-7.3,2020-01-30 12:01:27
120963822,94609622,ACCEPTED,CB_SANS_CONTACT,15.4,2019-09-26 11:48:10
137607947,108185268,ACCEPTED,CB_SANS_CONTACT,19.5,2019-12-13 23:57:47
177139397,141200541,ACCEPTED,CB_SANS_CONTACT,20.5,2020-09-08 11:36:11
25850468,17895049,ACCEPTED,CB_SANS_CONTACT,17.8,2017-12-16 23:32:17
99909379,77297013,ACCEPTED,CB_SANS_CONTACT,30.5,2019-06-14 11:54:09
154216154,121807251,ACCEPTED,CB_SANS_CONTACT,35.5,2020-03-04 21:29:48
183611869,146614807,ACCEPTED,VOUCHER,-6.5,2020-10-12 11:23:24
183007172,146116788,ACCEPTED,SIOUPLAIT,10.9,2020-10-09 10:09:48
181886125,145161556,ACCEPTED,CB_SANS_CONTACT,24.6,2020-10-02 18:15:53
1291290,887936,ACCEPTED,BANK_CHECK,37.0,2016-03-24 20:53:07
20098832,13716114,ACCEPTED,BANK_CHECK,800.0,2017-09-23 14:50:08
60962964,45588145,ACCEPTED,CB_SANS_CONTACT,17.0,2018-10-16 19:44:38
177375535,141409706,ACCEPTED,CB_SANS_CONTACT,4.6,2020-09-09 13:41:11
153044226,120851706,ACCEPTED,CB_SANS_CONTACT,21.7,2020-02-28 12:31:19
1573712,1096703,ACCEPTED,BANK_CHECK,49.5,2016-04-22 18:48:45
47764062,35194928,ACCEPTED,AMERICAN_EXPRESS,73.0,2018-07-13 21:23:24
64897167,48774091,ACCEPTED,CB_SANS_CONTACT,13.9,2018-11-13 12:48:17
159847735,126704439,ACCEPTED,VOUCHER,-1.7,2020-06-03 11:05:59
138302311,108800479,ACCEPTED,VOUCHER,-7.1,2019-12-17 16:14:01
128601442,100865710,ACCEPTED,CB_SANS_CONTACT,14.5,2019-10-31 12:42:46
62266727,46631910,ACCEPTED,CB_SANS_CONTACT,13.9,2018-10-25 11:58:00
180156223,143730234,ACCEPTED,CB_SANS_CONTACT,14.5,2020-09-23 11:55:02
181595803,144929032,ACCEPTED,CB_SANS_CONTACT,14.5,2020-10-01 11:25:51
178667452,142477788,ACCEPTED,CB_SANS_CONTACT,36.5,2020-09-15 20:05:34
144510190,113892083,ACCEPTED,VOUCHER,-1.7,2020-01-20 12:37:44
137450201,108077084,ACCEPTED,CB_SANS_CONTACT,13.9,2019-12-13 13:07:32
123943233,97068410,ACCEPTED,CB_SANS_CONTACT,74.0,2019-10-09 21:09:56
24407272,16799056,ACCEPTED,AMERICAN_EXPRESS,39.0,2017-11-25 20:26:39
33539921,23782497,ACCEPTED,CB_SANS_CONTACT,13.9,2018-03-19 12:22:16
149028069,117579280,ACCEPTED,VOUCHER,-1.3,2020-02-10 11:58:15
185438038,148134129,ACCEPTED,BANK_CHECK,60.0,2020-10-23 12:37:39
154428863,121970787,ACCEPTED,CB_SANS_CONTACT,43.0,2020-03-05 20:07:21
134927960,106035360,ACCEPTED,CB_SANS_CONTACT,14.5,2019-11-30 19:54:02
82844431,63348096,ACCEPTED,CB_SANS_CONTACT,11.6,2019-03-13 10:40:04
64782098,48699161,ACCEPTED,TAB,83.0,2018-11-12 13:39:05
122914891,96208339,ACCEPTED,CB_SANS_CONTACT,22.1,2019-10-04 21:22:48
181927601,145210690,ACCEPTED,CB_SANS_CONTACT,27.9,2020-10-02 21:08:11
150982829,119185208,ACCEPTED,VOUCHER,-4.4,2020-02-19 11:30:05
73112269,55445943,ACCEPTED,CB_SANS_CONTACT,17.5,2019-01-11 20:04:14
81592503,62325302,ACCEPTED,CB_SANS_CONTACT,11.7,2019-03-05 18:57:39
106659317,82833965,ACCEPTED,BANK_CHECK,72.0,2019-07-16 11:57:43
139910772,110121386,ACCEPTED,BANK_CHECK,115.0,2019-12-26 14:55:03
151651331,119704186,ACCEPTED,CB_SANS_CONTACT,22.75,2020-02-21 21:32:14
3699518,2682151,ACCEPTED,AMERICAN_EXPRESS,40.0,2016-09-09 19:51:49
180364582,143898595,ACCEPTED,CB_SANS_CONTACT,14.5,2020-09-24 12:20:36
48334928,35641881,ACCEPTED,CB_SANS_CONTACT,16.1,2018-07-18 11:48:06
171657135,136597580,ACCEPTED,VOUCHER,-2.1,2020-08-07 10:33:55
184021648,146950287,ACCEPTED,CB_SANS_CONTACT,21.5,2020-10-14 20:56:03
165520005,131466221,ACCEPTED,VOUCHER,-7.0,2020-07-06 11:17:28
44012084,32204096,ACCEPTED,AMERICAN_EXPRESS,26.5,2018-06-17 20:42:19
68095481,51373914,ACCEPTED,CB_SANS_CONTACT,13.9,2018-12-05 13:01:02
160947332,127645991,ACCEPTED,SIOUPLAIT,15.9,2020-06-11 10:31:21
25561989,17671153,ACCEPTED,CB_SANS_CONTACT,16.7,2017-12-13 13:11:07
115243989,89941509,ACCEPTED,SUMUP,70.0,2019-08-30 20:21:07
98852309,76437642,ACCEPTED,CB_SANS_CONTACT,20.7,2019-06-08 19:07:10
49189082,36319001,ACCEPTED,CB_SANS_CONTACT,71.0,2018-07-24 12:21:52
35672106,25463175,ACCEPTED,BANK_CHECK,86.0,2018-04-07 21:29:40
103220376,80025610,ACCEPTED,SUMUP,17.5,2019-06-29 22:26:21
126005410,98735232,ACCEPTED,CB_SANS_CONTACT,17.7,2019-10-18 22:18:09
148257256,116897175,ACCEPTED,CB_SANS_CONTACT,22.3,2020-02-06 22:07:38
125249589,98149250,ACCEPTED,CB_SANS_CONTACT,21.2,2019-10-15 18:51:42
141585219,111515897,ACCEPTED,VOUCHER,-5.4,2020-01-06 12:14:22
80626907,61548904,ACCEPTED,AMERICAN_EXPRESS,24.5,2019-02-27 21:59:09
155888609,123156908,ACCEPTED,CB_SANS_CONTACT,13.9,2020-03-12 13:04:03
94407839,72794995,ACCEPTED,BANK_CHECK,64.4,2019-05-16 17:44:33
68701828,51862697,ACCEPTED,CB_SANS_CONTACT,15.9,2018-12-08 23:01:29
126711917,99341208,ACCEPTED,CB_SANS_CONTACT,18.2,2019-10-22 16:46:21
181328544,144695566,ACCEPTED,CB_SANS_CONTACT,30.02,2020-09-29 21:53:25
104337780,80917791,ACCEPTED,CB_SANS_CONTACT,12.75,2019-07-05 11:43:08
132506047,104066188,ACCEPTED,CB_SANS_CONTACT,26.0,2019-11-19 19:18:08
103931979,80591848,ACCEPTED,AMERICAN_EXPRESS,32.5,2019-07-03 17:33:55
90397709,69492873,ACCEPTED,CB_SANS_CONTACT,19.9,2019-04-23 19:02:36
143625885,113148648,ACCEPTED,AMERICAN_EXPRESS,102.0,2020-01-16 12:35:14
186164523,148735049,ACCEPTED,CB_SANS_CONTACT,20.6,2020-10-28 13:36:29
32613242,23053722,ACCEPTED,AMERICAN_EXPRESS,100.0,2018-03-10 00:12:45
72230665,54745345,ACCEPTED,CB_SANS_CONTACT,14.2,2019-01-05 15:39:01
95637186,73771284,ACCEPTED,CB_SANS_CONTACT,16.1,2019-05-23 11:25:18
126761665,99381891,ACCEPTED,BANK_CHECK,1000.0,2019-10-22 21:58:41
84886841,65007295,ACCEPTED,AMERICAN_EXPRESS,47.76,2019-03-24 12:33:51
169077988,134437970,ACCEPTED,VOUCHER,-0.2,2020-07-24 11:04:44
148333908,117012232,ACCEPTED,VOUCHER,-1.3,2020-02-07 11:39:26
147882298,116646274,ACCEPTED,VOUCHER,-3.1,2020-02-05 12:26:37
124316340,97369119,ACCEPTED,CB_SANS_CONTACT,20.9,2019-10-11 11:59:24
155637731,122968882,ACCEPTED,CB_SANS_CONTACT,14.5,2020-03-11 12:48:28
87106136,66770438,ACCEPTED,BANK_CHECK,185.1,2019-04-05 16:07:00
125488632,98345742,ACCEPTED,AMERICAN_EXPRESS,37.36,2019-10-16 20:58:33
95667447,73800471,ACCEPTED,CB_SANS_CONTACT,16.2,2019-05-23 12:29:36
58969148,43985409,ACCEPTED,CB_SANS_CONTACT,55.0,2018-10-03 20:27:44
133097461,104520091,ACCEPTED,CB_SANS_CONTACT,13.9,2019-11-22 13:01:20
100013793,77379129,ACCEPTED,AMERICAN_EXPRESS,72.0,2019-06-14 19:13:45
68445112,51632785,ACCEPTED,CB_SANS_CONTACT,14.5,2018-12-07 12:59:10
8069870,5421103,ACCEPTED,AMERICAN_EXPRESS,126.0,2017-02-01 21:56:05
131953036,103608301,ACCEPTED,CB_SANS_CONTACT,14.5,2019-11-16 18:43:33
104461024,81014897,ACCEPTED,CB_SANS_CONTACT,48.0,2019-07-05 19:56:27
155604161,122966663,ACCEPTED,VOUCHER,-6.4,2020-03-11 11:50:49
94351620,72728329,ACCEPTED,CB_SANS_CONTACT,16.7,2019-05-16 12:18:22
39438208,28502955,ACCEPTED,CB_SANS_CONTACT,14.5,2018-05-11 12:04:26
151507026,119584865,ACCEPTED,CB_SANS_CONTACT,16.1,2020-02-21 12:50:51
88475635,67901831,ACCEPTED,CB_SANS_CONTACT,16.8,2019-04-12 20:26:47
151585760,119666851,ACCEPTED,BANK_CHECK,247.0,2020-02-21 17:49:41
163545686,129786781,ACCEPTED,BANK_CHECK,76.0,2020-06-26 10:03:02
160117194,126919782,ACCEPTED,AUTRES,114.44,2020-06-05 11:09:04
6604494,4445610,ACCEPTED,AMERICAN_EXPRESS,324.0,2016-12-15 13:34:22
61956478,46381213,ACCEPTED,CB_SANS_CONTACT,13.9,2018-10-23 11:51:28
180250070,143798181,ACCEPTED,CB_SANS_CONTACT,27.42,2020-09-23 20:33:13
50259587,37167545,ACCEPTED,CB_SANS_CONTACT,13.9,2018-08-01 11:32:54
136975742,107724392,ACCEPTED,VOUCHER,-0.1,2019-12-11 11:51:26
143410734,112996758,ACCEPTED,VOUCHER,-3.5,2020-01-15 12:41:18
179108361,142846837,ACCEPTED,CB_SANS_CONTACT,44.2,2020-09-17 21:13:35
117610504,91850715,ACCEPTED,BANK_TRANSFER,2095.4,2019-09-11 09:23:27
99808280,77197241,ACCEPTED,BANK_TRANSFER,1978.0,2019-06-13 22:47:57
25176213,17384636,ACCEPTED,BANK_CHECK,50.5,2017-12-07 21:10:28
130369665,102313618,ACCEPTED,AMERICAN_EXPRESS,149.0,2019-11-08 21:50:48
90731003,69597168,ACCEPTED,BANK_CHECK,88.0,2019-04-25 16:39:27
19768825,13469135,ACCEPTED,BANK_CHECK,25.5,2017-09-18 12:37:43
41389916,30084190,ACCEPTED,CB_SANS_CONTACT,14.5,2018-05-28 11:55:48
164278835,130440842,ACCEPTED,VOUCHER,-1.3,2020-06-30 10:45:43
162260521,128753974,ACCEPTED,VOUCHER,-4.5,2020-06-19 10:45:15
119603537,93491278,ACCEPTED,CB_SANS_CONTACT,10.9,2019-09-19 21:16:36
79435409,60546162,ACCEPTED,CB_SANS_CONTACT,12.9,2019-02-20 22:39:22
157914093,124952381,ACCEPTED,AUTRES,26.9,2020-05-07 16:16:56
19818554,13505230,ACCEPTED,CARTE TICKET RESTAURANT,18.2,2017-09-19 12:16:55
180852175,144311591,ACCEPTED,CB_SANS_CONTACT,46.0,2020-09-26 18:10:44
24105620,16569609,ACCEPTED,BANK_CHECK,1814.5,2017-11-21 16:15:00
76218058,57932688,ACCEPTED,CB_SANS_CONTACT,13.9,2019-02-01 12:46:32
64379185,46812304,ACCEPTED,TAB,400.0,2018-11-09 15:35:41
170358538,135469137,ACCEPTED,CARTE_TICKET_RESTAURANT,34.0,2020-07-30 21:26:59
63615641,47755913,ACCEPTED,CB_SANS_CONTACT,10.4,2018-11-03 23:31:43
104111454,80746940,ACCEPTED,BANK_TRANSFER,221.0,2019-07-04 12:28:15
62444095,46775155,ACCEPTED,CB_SANS_CONTACT,13.9,2018-10-26 12:06:51
57146110,42494787,ACCEPTED,CB_SANS_CONTACT,18.7,2018-09-21 11:09:09
94338446,72713360,ACCEPTED,CB_SANS_CONTACT,16.1,2019-05-16 11:48:29
132173273,103801920,ACCEPTED,ALLORESTO,23.4,2019-11-17 22:26:32
180370816,143898595,ACCEPTED,CB_SANS_CONTACT,23.3,2020-09-24 12:44:56
47254064,34771809,ACCEPTED,CB_SANS_CONTACT,11.8,2018-07-10 19:47:20
115751518,90360652,ACCEPTED,BANK_CHECK,107.0,2019-09-02 12:13:57
123636625,96812526,ACCEPTED,CB_SANS_CONTACT,14.2,2019-10-08 12:28:31
127683203,100114237,ACCEPTED,CB_SANS_CONTACT,24.3,2019-10-26 18:01:43
43324758,31643201,ACCEPTED,UBER EATS,24.8,2018-06-12 21:35:17
61057772,45656366,ACCEPTED,CB_SANS_CONTACT,23.9,2018-10-17 12:10:18
144424993,113818785,ACCEPTED,ALLORESTO,45.7,2020-01-19 21:58:56
173540502,138174649,ACCEPTED,CB_SANS_CONTACT,44.5,2020-08-19 12:33:59
29749836,20901874,ACCEPTED,CB_SANS_CONTACT,18.9,2018-02-08 17:09:18
161728947,128308530,ACCEPTED,CARTE_TICKET_RESTAURANT,38.0,2020-06-16 10:51:32
79388316,60534041,ACCEPTED,AMERICAN_EXPRESS,27.4,2019-02-20 17:06:48
142986163,112650813,ACCEPTED,VOUCHER,-7.0,2020-01-13 11:12:37
87759866,67342280,ACCEPTED,BANK_CHECK,38.0,2019-04-09 11:30:20
76112995,57866797,ACCEPTED,AMERICAN_EXPRESS,24.76,2019-01-31 19:54:59
28991818,20326404,ACCEPTED,BANK_CHECK,51.5,2018-01-31 10:27:57
100064421,77429046,ACCEPTED,SUMUP,60.0,2019-06-14 22:07:56
138077742,108617428,ACCEPTED,VOUCHER,-0.1,2019-12-16 12:08:45
36721931,26315886,ACCEPTED,BANK_CHECK,50.5,2018-04-17 10:54:23
39914550,28898323,ACCEPTED,BANK_CHECK,24.95,2018-05-15 23:12:26
65119293,48972152,ACCEPTED,BANK_TRANSFER,900.0,2018-11-14 21:20:33
153680397,121391404,ACCEPTED,VOUCHER,-0.1,2020-03-02 11:34:48
130363489,102305641,ACCEPTED,CB_SANS_CONTACT,19.5,2019-11-08 21:28:44
152691224,120550583,ACCEPTED,CB_SANS_CONTACT,23.3,2020-02-26 21:12:26
6797665,4582506,ACCEPTED,AMERICAN_EXPRESS,46.0,2016-12-21 12:34:13
145940648,115057837,ACCEPTED,VOUCHER,-7.0,2020-01-27 11:23:37
120968709,94649720,ACCEPTED,CB_SANS_CONTACT,13.8,2019-09-26 11:56:46
100037008,77414159,ACCEPTED,SUMUP,60.0,2019-06-14 20:28:22
186158072,148729851,ACCEPTED,CB_SANS_CONTACT,133.1,2020-10-28 13:14:14
177115602,141199568,ACCEPTED,VOUCHER,-7.0,2020-09-08 10:47:39
122930813,96208339,ACCEPTED,CB_SANS_CONTACT,22.1,2019-10-04 22:36:44
166283205,132026470,ACCEPTED,CB_SANS_CONTACT,39.0,2020-07-09 23:44:03
182757572,145901557,ACCEPTED,CB_SANS_CONTACT,30.08,2020-10-07 21:00:22
181911825,145175717,ACCEPTED,CB_SANS_CONTACT,33.7,2020-10-02 19:58:57
165544444,131462536,ACCEPTED,BANK_TRANSFER,322.5,2020-07-06 12:40:09
95454787,73639973,ACCEPTED,CB_SANS_CONTACT,22.6,2019-05-22 12:02:33
7073012,4772814,ACCEPTED,AMERICAN_EXPRESS,24.2,2017-01-03 13:38:07
155941771,123209967,ACCEPTED,BANK_CHECK,92.0,2020-03-12 16:50:02
104175493,80806660,ACCEPTED,CB_SANS_CONTACT,14.5,2019-07-04 17:51:39
154089607,121731572,ACCEPTED,VOUCHER,-0.1,2020-03-04 12:16:57
76109724,57860670,ACCEPTED,AMERICAN_EXPRESS,72.0,2019-01-31 19:33:36
68543141,51735676,ACCEPTED,UBER EATS,53.0,2018-12-07 22:19:45
181919685,145215927,ACCEPTED,CB_SANS_CONTACT,17.5,2020-10-02 20:31:30
174687135,139147957,ACCEPTED,CB_SANS_CONTACT,6.8,2020-08-26 11:57:51
91299764,70240087,ACCEPTED,BANK_CHECK,66.0,2019-04-28 14:16:17
100241778,77561420,ACCEPTED,CB_SANS_CONTACT,19.2,2019-06-15 18:31:18
67276278,50700471,ACCEPTED,CB_SANS_CONTACT,21.7,2018-11-29 21:14:33
39755104,28762554,ACCEPTED,CB_SANS_CONTACT,17.2,2018-05-14 12:02:23
146844979,115776384,ACCEPTED,CB_SANS_CONTACT,24.6,2020-01-31 13:22:50
76338700,58042741,ACCEPTED,CB_SANS_CONTACT,15.8,2019-02-01 23:57:10
74092040,56231850,ACCEPTED,CB_SANS_CONTACT,19.6,2019-01-18 12:21:37
103869945,80548328,ACCEPTED,CB_SANS_CONTACT,16.1,2019-07-03 12:14:02
87783518,67336764,ACCEPTED,CB_SANS_CONTACT,18.7,2019-04-09 12:30:04
74209322,56330979,ACCEPTED,AMERICAN_EXPRESS,26.25,2019-01-18 22:04:55
154581576,122098497,ACCEPTED,CB_SANS_CONTACT,14.5,2020-03-06 12:57:59
138440334,108917665,ACCEPTED,VOUCHER,-0.1,2019-12-18 11:23:29
22792603,15603837,ACCEPTED,BANK_CHECK,59.3,2017-11-01 19:34:23
1853704,1309103,ACCEPTED,BANK_CHECK,39.5,2016-05-19 20:31:18
111750237,87025952,ACCEPTED,SUMUP,17.0,2019-08-10 19:37:47
144484990,113873055,ACCEPTED,VOUCHER,-4.3,2020-01-20 11:49:04
21113116,14474244,ACCEPTED,BANK_TRANSFER,260.0,2017-10-09 19:04:06
99673045,77086724,ACCEPTED,CB_SANS_CONTACT,18.15,2019-06-13 11:51:29
160959599,127657735,ACCEPTED,VOUCHER,-4.1,2020-06-11 11:07:09
106906990,83032114,ACCEPTED,BANK_CHECK,300.0,2019-07-17 13:34:58
1725094,1212300,ACCEPTED,BANK_CHECK,53.5,2016-05-07 19:59:28
109814155,85422968,ACCEPTED,SUMUP,44.0,2019-07-31 18:47:19
22564595,15492949,ACCEPTED,BANK_CHECK,62.0,2017-10-30 13:32:50
30904166,21512809,ACCEPTED,BANK_CHECK,1227.0,2018-02-19 16:22:03
138267148,108765161,ACCEPTED,CB_SANS_CONTACT,21.5,2019-12-17 13:15:54
78031379,59428201,ACCEPTED,AMERICAN_EXPRESS,68.8,2019-02-12 21:10:03
155594135,122956999,ACCEPTED,VOUCHER,-0.19,2020-03-11 11:32:39
80533678,61448186,ACCEPTED,CB_SANS_CONTACT,16.1,2019-02-27 12:50:25
182726739,145886317,ACCEPTED,CB_SANS_CONTACT,22.7,2020-10-07 17:45:08
180247309,143811717,ACCEPTED,CB_SANS_CONTACT,26.25,2020-09-23 20:17:42
35505766,25300795,ACCEPTED,CB_SANS_CONTACT,11.25,2018-04-06 18:30:59
40756648,29570276,ACCEPTED,CB_SANS_CONTACT,14.5,2018-05-23 11:24:41
58004153,43191370,ACCEPTED,BANK_TRANSFER,268.5,2018-09-27 11:57:21
171661292,136602008,ACCEPTED,VOUCHER,-5.6,2020-08-07 10:48:53
103976008,80640121,ACCEPTED,CB_SANS_CONTACT,14.5,2019-07-03 20:36:14
35496395,25344935,ACCEPTED,BANK_CHECK,160.0,2018-04-06 17:25:47
79595989,60702607,ACCEPTED,CB_SANS_CONTACT,13.25,2019-02-21 19:56:25
98896729,76475343,ACCEPTED,CB_SANS_CONTACT,13.8,2019-06-08 22:02:22
94540989,72905039,ACCEPTED,BANK_CHECK,50.0,2019-05-17 11:31:57
85344849,65351614,ACCEPTED,CB_SANS_CONTACT,16.1,2019-03-27 12:32:56
155643266,122994056,ACCEPTED,VOUCHER,-5.5,2020-03-11 12:58:47
101046971,78241212,ACCEPTED,ALLORESTO,42.6,2019-06-19 20:43:30
163430491,129724961,ACCEPTED,BANK_CHECK,28.0,2020-06-25 16:12:30
106017991,82301432,ACCEPTED,SUMUP,28.0,2019-07-12 22:19:52
122161894,95626524,ACCEPTED,CB_SANS_CONTACT,26.5,2019-10-01 20:38:38
130598871,102496548,ACCEPTED,CB_SANS_CONTACT,27.5,2019-11-09 20:51:02
20418813,13948148,ACCEPTED,BANK_CHECK,1575.0,2017-09-28 17:27:24
96808793,74745071,ACCEPTED,CB_SANS_CONTACT,27.4,2019-05-29 12:23:11
141970599,111794523,ACCEPTED,CB_SANS_CONTACT,21.5,2020-01-08 12:58:53
89109247,68413229,ACCEPTED,CB_SANS_CONTACT,18.1,2019-04-16 12:45:06
167255523,132913247,ACCEPTED,VOUCHER,-1.5,2020-07-15 11:24:58
15941459,10750900,ACCEPTED,AMERICAN_EXPRESS,181.2,2017-07-21 12:04:27
180136477,143712368,ACCEPTED,CB_SANS_CONTACT,35.5,2020-09-23 11:16:06
143204058,112806331,ACCEPTED,CB_SANS_CONTACT,27.2,2020-01-14 12:40:51
56629044,42086165,ACCEPTED,BANK_CHECK,1636.5,2018-09-17 21:29:25
177389966,141418604,ACCEPTED,CB_SANS_CONTACT,24.7,2020-09-09 15:13:48
125490345,98330718,ACCEPTED,AMERICAN_EXPRESS,36.72,2019-10-16 21:09:26
164704979,130762197,ACCEPTED,AMERICAN_EXPRESS,136.0,2020-07-02 11:35:32
32324112,22827607,ACCEPTED,BANK_CHECK,60.0,2018-03-07 13:32:29
88554495,67848263,ACCEPTED,AUTRES,429.0,2019-04-13 10:41:26
69392748,52422355,ACCEPTED,UBER EATS,35.5,2018-12-13 21:25:07
48200277,35544602,ACCEPTED,CB_SANS_CONTACT,21.1,2018-07-17 12:09:13
69598161,52555238,ACCEPTED,CB_SANS_CONTACT,20.5,2018-12-14 23:10:37
103164892,79971236,ACCEPTED,CB_SANS_CONTACT,29.0,2019-06-29 18:31:18
86739305,66503024,ACCEPTED,AMERICAN_EXPRESS,80.0,2019-04-03 20:32:54
152673749,120555380,ACCEPTED,CB_SANS_CONTACT,28.4,2020-02-26 19:44:10
35384677,25250508,ACCEPTED,AMERICAN_EXPRESS,44.2,2018-04-05 22:05:23
28756325,19589397,ACCEPTED,AMERICAN_EXPRESS,32.0,2018-01-27 19:42:13
18522935,12585747,ACCEPTED,TAB,21.5,2017-08-29 15:30:46
180677598,144161085,ACCEPTED,CB_SANS_CONTACT,17.62,2020-09-25 21:02:52
180456319,143972400,ACCEPTED,CB_SANS_CONTACT,41.6,2020-09-24 20:59:58
11229676,7756426,ACCEPTED,BANK_CHECK,164.7,2017-04-25 22:45:16
37797335,27164121,ACCEPTED,AMERICAN_EXPRESS,146.0,2018-04-26 11:35:02
143574067,113127350,ACCEPTED,VOUCHER,-0.1,2020-01-16 11:05:15
145072800,114353268,ACCEPTED,VOUCHER,-1.5,2020-01-23 11:55:40
99753090,77172345,ACCEPTED,CB_SANS_CONTACT,14.5,2019-06-13 18:14:05
63943360,48015439,ACCEPTED,AMERICAN_EXPRESS,140.0,2018-11-06 21:10:13
75270316,57172769,ACCEPTED,CB_SANS_CONTACT,17.0,2019-01-25 23:12:56
64257148,48260588,ACCEPTED,AMERICAN_EXPRESS,205.0,2018-11-08 21:32:34
152589027,120479748,ACCEPTED,CB_SANS_CONTACT,14.5,2020-02-26 12:54:54
2458229,1721140,ACCEPTED,AMERICAN_EXPRESS,47.0,2016-06-23 21:54:27
148064815,116790650,ACCEPTED,VOUCHER,-2.2,2020-02-06 11:05:09
49411906,36503788,ACCEPTED,UBER EATS,21.8,2018-07-25 22:30:16
7887213,5282924,ACCEPTED,AMERICAN_EXPRESS,33.0,2017-01-26 21:28:37
9205513,6250494,ACCEPTED,AMERICAN_EXPRESS,36.0,2017-03-07 12:34:45
146973727,115892309,ACCEPTED,CB_SANS_CONTACT,17.0,2020-01-31 21:49:21
152474230,120392597,ACCEPTED,CB_SANS_CONTACT,26.26,2020-02-25 21:28:07
139902199,110104390,ACCEPTED,CB_SANS_CONTACT,21.5,2019-12-26 13:54:46
144670011,114026022,ACCEPTED,VOUCHER,-2.6,2020-01-21 12:11:58
10712231,7361906,ACCEPTED,AMERICAN_EXPRESS,49.44,2017-04-12 20:07:32
180244128,143814359,ACCEPTED,CB_SANS_CONTACT,17.5,2020-09-23 20:00:23
103910597,80588215,ACCEPTED,BANK_CHECK,250.0,2019-07-03 15:38:40
72227650,54744186,ACCEPTED,BANK_CHECK,150.0,2019-01-05 15:18:48
142369387,112149488,ACCEPTED,VOUCHER,-4.8,2020-01-10 12:06:38
10337495,7089534,ACCEPTED,CARTE TICKET RESTAURANT,13.9,2017-04-04 11:42:33
132436538,103994297,ACCEPTED,CB_SANS_CONTACT,18.2,2019-11-19 12:58:01
8067821,5419515,ACCEPTED,BANK_CHECK,105.3,2017-02-01 20:40:33
119465776,93396651,ACCEPTED,CB_SANS_CONTACT,14.5,2019-09-19 11:45:03
101563964,78658475,ACCEPTED,SUMUP,35.0,2019-06-21 22:01:00
181189275,144604090,ACCEPTED,VOUCHER,-5.4,2020-09-29 09:59:06
82782096,63289933,ACCEPTED,CB_SANS_CONTACT,15.5,2019-03-12 18:59:12
144907346,114211132,ACCEPTED,CARTE_TICKET_RESTAURANT,14.3,2020-01-22 13:29:26
63557613,47705691,ACCEPTED,CB_SANS_CONTACT,17.0,2018-11-03 17:11:09
126950996,99524063,ACCEPTED,CB_SANS_CONTACT,15.5,2019-10-23 19:19:43
23261139,15944065,ACCEPTED,BANK_TRANSFER,94.0,2017-11-08 23:50:51
178770728,142561833,ACCEPTED,CB_SANS_CONTACT,14.5,2020-09-16 11:43:41
62416409,46764929,ACCEPTED,TAB,264.0,2018-10-26 11:02:34
77934667,59338444,ACCEPTED,CB_SANS_CONTACT,11.55,2019-02-12 12:07:37
36281914,25946777,ACCEPTED,CB_SANS_CONTACT,16.4,2018-04-13 11:46:11
163165831,129511433,ACCEPTED,VOUCHER,-0.2,2020-06-24 11:04:48
150328990,118637286,ACCEPTED,CB_SANS_CONTACT,80.0,2020-02-15 19:43:05
11538836,7982938,ACCEPTED,CARTE TICKET RESTAURANT,13.9,2017-05-03 12:08:20
134926131,106014730,ACCEPTED,CB_SANS_CONTACT,17.5,2019-11-30 19:47:29
144491460,113878519,ACCEPTED,VOUCHER,-1.4,2020-01-20 12:01:45
132740968,104243194,ACCEPTED,CB_SANS_CONTACT,28.0,2019-11-20 21:52:35
179193306,142919911,ACCEPTED,CB_SANS_CONTACT,20.5,2020-09-18 11:18:05
73770941,55973604,ACCEPTED,CB_SANS_CONTACT,13.9,2019-01-16 13:00:27
105226708,81669361,ACCEPTED,SUMUP,22.5,2019-07-09 17:58:09
100799476,78041325,ACCEPTED,AMERICAN_EXPRESS,80.55,2019-06-18 18:40:53
167670727,133260787,ACCEPTED,VOUCHER,-2.1,2020-07-17 11:06:13
179158223,142905854,ACCEPTED,VOUCHER,-0.8,2020-09-18 09:52:58
180312407,143875191,ACCEPTED,VOUCHER,-5.1,2020-09-24 10:28:53
74983669,56945837,ACCEPTED,CB_SANS_CONTACT,13.2,2019-01-24 12:49:21
155864126,123163423,ACCEPTED,VOUCHER,-0.2,2020-03-12 12:22:22
173370549,138034689,ACCEPTED,CB_SANS_CONTACT,23.5,2020-08-18 11:55:50
131640808,103344760,ACCEPTED,CB_SANS_CONTACT,13.9,2019-11-15 13:01:23
184116033,147023686,ACCEPTED,CB_SANS_CONTACT,15.5,2020-10-15 11:53:22
87845064,67406757,ACCEPTED,AMERICAN_EXPRESS,230.4,2019-04-09 19:30:48
154093890,121734525,ACCEPTED,VOUCHER,-7.0,2020-03-04 12:23:39
29058601,20393349,ACCEPTED,BANK_CHECK,41.0,2018-01-31 21:10:30
180890786,144329881,ACCEPTED,AMERICAN_EXPRESS,119.7,2020-09-26 20:42:55
154599177,122093534,ACCEPTED,AMERICAN_EXPRESS,30.25,2020-03-06 13:38:09
3029515,2160560,ACCEPTED,BANK_CHECK,33.0,2016-07-27 19:44:08
92536452,71260276,ACCEPTED,AMERICAN_EXPRESS,80.2,2019-05-05 19:13:14
149197611,117719255,ACCEPTED,VOUCHER,-6.8,2020-02-11 11:44:24
82981716,63440365,ACCEPTED,CB_SANS_CONTACT,17.0,2019-03-13 21:30:39
29268759,20549180,ACCEPTED,BANK_CHECK,48.0,2018-02-02 21:18:24
102933382,79786385,ACCEPTED,BANK_CHECK,1283.6,2019-06-28 17:17:53
27649036,19295255,ACCEPTED,BANK_CHECK,35.0,2018-01-14 15:10:20
152364843,120302374,ACCEPTED,CB_SANS_CONTACT,16.1,2020-02-25 12:32:59
181522500,144879413,ACCEPTED,CB_SANS_CONTACT,28.0,2020-09-30 22:43:00
10669312,7329693,ACCEPTED,BANK_CHECK,40.0,2017-04-11 21:00:16
88371942,67817952,ACCEPTED,CB_SANS_CONTACT,27.7,2019-04-12 12:19:02
151865023,119876051,ACCEPTED,CB_SANS_CONTACT,15.2,2020-02-22 18:41:19
138075389,108615585,ACCEPTED,VOUCHER,-0.1,2019-12-16 12:04:18
68007571,51300631,ACCEPTED,AMERICAN_EXPRESS,36.5,2018-12-04 21:18:54
155653647,122992255,ACCEPTED,CB_SANS_CONTACT,14.5,2020-03-11 13:23:49
69235872,52281405,ACCEPTED,AMERICAN_EXPRESS,28.0,2018-12-12 23:13:37
152464537,120397427,ACCEPTED,UBER EATS,53.8,2020-02-25 20:30:52
167268613,132898321,ACCEPTED,BANK_TRANSFER,210.5,2020-07-15 11:54:53
85344851,65351614,ACCEPTED,CB_SANS_CONTACT,16.1,2019-03-27 12:32:56
89289788,68569642,ACCEPTED,CB_SANS_CONTACT,18.5,2019-04-17 12:17:52
