id_order,id_store,id_waiter,id_device,date_opened,date_closed,dim_status,dim_source,m_nb_customer,m_cached_payed,m_cached_price,time,meal_types,store_date_created,dim_zipcode,dim_country,dim_currency
112572333,7786,24920.0,14854.0,2020-01-12 16:03:02,2020-01-12 16:03:13,CLOSED,Tiller order,1,11.9,11.9,16:03:02,Lunch,2018-09-15 12:46:15,75019,FR,EUR
59462366,7786,15509.0,14854.0,2019-02-13 09:43:34,2019-02-13 09:51:15,CLOSED,Tiller iPAD,1,17.2,17.2,09:43:34,Breakfast,2018-09-15 12:46:15,75019,FR,EUR
96305027,7786,15509.0,14854.0,2019-10-05 10:33:39,2019-10-05 10:34:55,CLOSED,Tiller order,1,18.2,18.2,10:33:39,Breakfast,2018-09-15 12:46:15,75019,FR,EUR
96761931,7786,15509.0,14854.0,2019-10-08 08:21:08,2019-10-08 08:22:21,CLOSED,Tiller order,1,12.74,12.74,08:21:08,Breakfast,2018-09-15 12:46:15,75019,FR,EUR
98310606,7786,15509.0,14854.0,2019-10-16 17:10:28,2019-10-16 17:12:21,CLOSED,Tiller order,1,33.3,33.3,17:10:28,Lunch,2018-09-15 12:46:15,75019,FR,EUR
100110392,7786,15509.0,14854.0,2019-10-26 16:02:52,2019-10-26 16:04:20,CLOSED,Tiller order,1,25.5,25.5,16:02:52,Lunch,2018-09-15 12:46:15,75019,FR,EUR
84783680,7786,15509.0,14854.0,2019-07-27 16:10:03,2019-07-27 16:15:24,CLOSED,Tiller iPAD,1,17.2,17.2,16:10:03,Lunch,2018-09-15 12:46:15,75019,FR,EUR
102045506,7786,15509.0,14854.0,2019-11-07 14:12:28,2019-11-07 15:02:21,CLOSED,Tiller order,1,17.8,17.8,14:12:28,Lunch,2018-09-15 12:46:15,75019,FR,EUR
63637684,7786,15509.0,14854.0,2019-03-15 10:06:54,2019-03-15 10:08:51,CLOSED,Tiller iPAD,1,59.8,59.8,10:06:54,Breakfast,2018-09-15 12:46:15,75019,FR,EUR
52236534,7786,15509.0,14854.0,2018-12-12 13:33:22,2018-12-12 13:34:12,CLOSED,Tiller iPAD,1,51.0,51.0,13:33:22,Lunch,2018-09-15 12:46:15,75019,FR,EUR
83570459,7786,15509.0,14854.0,2019-07-20 10:42:04,2019-07-20 10:51:21,CLOSED,Tiller iPAD,1,15.5,15.5,10:42:04,Breakfast,2018-09-15 12:46:15,75019,FR,EUR
85902366,7786,15509.0,14854.0,2019-08-03 13:42:43,2019-08-03 13:58:23,CLOSED,Tiller iPAD,1,67.9,67.9,13:42:43,Lunch,2018-09-15 12:46:15,75019,FR,EUR
89412130,7786,15509.0,14854.0,2019-08-28 09:35:05,2019-08-28 09:35:48,CLOSED,Tiller iPAD,1,61.8,61.8,09:35:05,Breakfast,2018-09-15 12:46:15,75019,FR,EUR
112912195,6830,12894.0,13026.0,2020-01-14 22:06:18,2020-01-14 22:08:10,CLOSED,Tiller iPAD,4,61.1,61.1,22:06:18,Dinner,2018-05-11 11:03:01,75013,FR,EUR
70649595,6830,12894.0,13026.0,2019-05-01 18:52:16,2019-05-01 18:54:03,CLOSED,Tiller iPAD,2,49.84,49.84,18:52:16,Dinner,2018-05-11 11:03:01,75013,FR,EUR
63849872,6830,12894.0,13026.0,2019-03-16 13:01:10,2019-03-16 13:02:52,CLOSED,Tiller iPAD,2,33.0,33.0,13:01:10,Lunch,2018-05-11 11:03:01,75013,FR,EUR
87109467,6830,12894.0,13026.0,2019-08-11 14:11:39,2019-08-11 14:12:00,CLOSED,Tiller iPAD,4,63.5,63.5,14:11:39,Lunch,2018-05-11 11:03:01,75013,FR,EUR
146509077,6830,25560.0,13026.0,2020-10-11 11:41:38,2020-10-11 13:00:08,CLOSED,Tiller order,3,74.0,74.0,11:41:38,Breakfast,2018-05-11 11:03:01,75013,FR,EUR
38294331,6830,12894.0,13026.0,2018-08-12 20:43:40,2018-08-12 21:32:56,CLOSED,Tiller iPAD,2,55.0,55.0,20:43:40,Dinner,2018-05-11 11:03:01,75013,FR,EUR
43568970,6830,12894.0,13026.0,2018-09-29 20:08:32,2018-09-29 20:43:20,CLOSED,Tiller iPAD,4,59.0,59.0,20:08:32,Dinner,2018-05-11 11:03:01,75013,FR,EUR
36183015,6830,12894.0,13026.0,2018-07-22 20:19:41,2018-07-22 20:24:02,CLOSED,Tiller iPAD,4,152.9,152.9,20:19:41,Dinner,2018-05-11 11:03:01,75013,FR,EUR
136852674,6830,25560.0,13026.0,2020-08-08 19:47:41,2020-08-08 19:48:23,CLOSED,Tiller order,0,50.2,50.2,19:47:41,Dinner,2018-05-11 11:03:01,75013,FR,EUR
69501859,6830,12894.0,13026.0,2019-04-23 18:56:44,2019-04-23 19:13:31,CLOSED,Tiller iPAD,4,78.4,78.4,18:56:44,Dinner,2018-05-11 11:03:01,75013,FR,EUR
43916639,6830,12894.0,13026.0,2018-10-03 10:50:58,2018-10-03 17:45:04,CLOSED,Tiller iPAD,2,7.31,7.31,10:50:58,Breakfast,2018-05-11 11:03:01,75013,FR,EUR
80460673,6830,12894.0,13026.0,2019-07-02 20:16:21,2019-07-02 20:29:44,CLOSED,Tiller iPAD,4,39.5,39.5,20:16:21,Dinner,2018-05-11 11:03:01,75013,FR,EUR
53218033,6830,12894.0,13026.0,2018-12-20 12:24:30,2018-12-20 13:32:52,CLOSED,Tiller iPAD,4,146.9,146.9,12:24:30,Lunch,2018-05-11 11:03:01,75013,FR,EUR
68652748,6830,12894.0,13026.0,2019-04-17 19:32:25,2019-04-17 19:38:12,CLOSED,Tiller iPAD,2,34.96,34.96,19:32:25,Dinner,2018-05-11 11:03:01,75013,FR,EUR
112465226,6830,12894.0,13026.0,2020-01-11 20:16:26,2020-01-11 22:40:02,CLOSED,Tiller iPAD,4,60.0,60.0,20:16:26,Dinner,2018-05-11 11:03:01,75013,FR,EUR
114685660,6830,25560.0,13026.0,2020-01-24 22:29:35,2020-01-24 22:30:11,CLOSED,Tiller iPAD,4,35.7,35.7,22:29:35,Dinner,2018-05-11 11:03:01,75013,FR,EUR
71154063,6830,12894.0,13026.0,2019-05-04 20:43:45,2019-05-04 20:47:51,CLOSED,Tiller iPAD,2,55.7,55.7,20:43:45,Dinner,2018-05-11 11:03:01,75013,FR,EUR
51657794,6830,12894.0,13026.0,2018-12-07 12:15:57,2018-12-07 13:02:33,CLOSED,Tiller iPAD,4,25.8,25.8,12:15:57,Lunch,2018-05-11 11:03:01,75013,FR,EUR
98735238,6830,12894.0,13026.0,2019-10-18 19:26:20,2019-10-18 20:13:33,CLOSED,Tiller iPAD,4,40.0,40.0,19:26:20,Dinner,2018-05-11 11:03:01,75013,FR,EUR
50184556,6830,12894.0,13026.0,2018-11-24 21:28:27,2018-11-24 21:34:04,CLOSED,Tiller iPAD,2,179.4,179.4,21:28:27,Dinner,2018-05-11 11:03:01,75013,FR,EUR
96010547,6830,12894.0,13026.0,2019-10-03 19:51:38,2019-10-03 21:21:24,CLOSED,Tiller iPAD,4,94.9,94.9,19:51:38,Dinner,2018-05-11 11:03:01,75013,FR,EUR
113129706,8291,16823.0,15760.0,2020-01-16 11:11:02,2020-01-16 11:11:30,CLOSED,Tiller order,1,11.7,11.7,11:11:02,Breakfast,2018-11-12 08:28:37,75008,FR,EUR
65244054,8291,16823.0,15747.0,2019-03-26 12:45:35,2019-03-26 12:45:39,CLOSED,Tiller iPAD,1,9.9,9.9,12:45:35,Lunch,2018-11-12 08:28:37,75008,FR,EUR
115763520,8291,17650.0,15758.0,2020-01-31 12:11:16,2020-01-31 12:11:30,CLOSED,Tiller order,1,9.9,9.9,12:11:16,Lunch,2018-11-12 08:28:37,75008,FR,EUR
116809466,8291,17650.0,15758.0,2020-02-06 11:41:41,2020-02-06 11:42:05,CLOSED,Tiller order,1,10.9,10.9,11:41:41,Breakfast,2018-11-12 08:28:37,75008,FR,EUR
100529424,8291,16823.0,15747.0,2019-10-29 12:23:08,2019-10-29 12:23:36,CLOSED,Tiller iPAD,1,15.2,15.2,12:23:08,Lunch,2018-11-12 08:28:37,75008,FR,EUR
68902523,8291,16823.0,15758.0,2019-04-19 11:02:57,2019-04-19 11:04:49,CLOSED,Tiller iPAD,1,17.7,17.7,11:02:57,Breakfast,2018-11-12 08:28:37,75008,FR,EUR
141205648,8291,16823.0,15760.0,2020-09-08 11:00:22,2020-09-08 11:00:51,CLOSED,Tiller order,1,15.9,15.9,11:00:22,Breakfast,2018-11-12 08:28:37,75008,FR,EUR
58860448,8291,16823.0,15747.0,2019-02-08 12:32:24,2019-02-08 12:33:59,CLOSED,Tiller iPAD,1,28.7,28.7,12:32:24,Lunch,2018-11-12 08:28:37,75008,FR,EUR
145108341,8291,26319.0,15760.0,2020-10-02 11:06:05,2020-10-02 11:06:40,CLOSED,Tiller order,1,16.5,16.5,11:06:05,Breakfast,2018-11-12 08:28:37,75008,FR,EUR
145556921,8291,17650.0,15758.0,2020-10-05 11:25:05,2020-10-05 11:25:11,CLOSED,Tiller order,1,10.9,10.9,11:25:05,Breakfast,2018-11-12 08:28:37,75008,FR,EUR
53352184,8291,16823.0,15747.0,2018-12-21 11:48:45,2018-12-21 11:50:24,CLOSED,Tiller iPAD,1,10.9,10.9,11:48:45,Breakfast,2018-11-12 08:28:37,75008,FR,EUR
82659133,8291,16823.0,15747.0,2019-07-15 10:46:29,2019-07-15 10:46:36,CLOSED,Tiller iPAD,1,9.9,9.9,10:46:29,Breakfast,2018-11-12 08:28:37,75008,FR,EUR
120861581,8291,16823.0,15760.0,2020-02-28 12:10:08,2020-02-28 12:10:17,CLOSED,Tiller order,1,17.5,17.5,12:10:08,Lunch,2018-11-12 08:28:37,75008,FR,EUR
54603596,8291,16823.0,15747.0,2019-01-04 12:58:33,2019-01-04 12:59:26,CLOSED,Tiller iPAD,1,8.3,8.3,12:58:33,Lunch,2018-11-12 08:28:37,75008,FR,EUR
55104039,8291,16823.0,15747.0,2019-01-09 11:07:48,2019-01-09 11:08:11,CLOSED,Tiller iPAD,1,10.9,10.9,11:07:48,Breakfast,2018-11-12 08:28:37,75008,FR,EUR
122653439,8291,17650.0,15758.0,2020-03-09 11:43:59,2020-03-09 11:45:22,CLOSED,Tiller order,1,9.9,9.9,11:43:59,Breakfast,2018-11-12 08:28:37,75008,FR,EUR
86290378,8291,16823.0,15747.0,2019-08-06 10:54:32,2019-08-06 10:54:59,CLOSED,Tiller iPAD,1,15.2,15.2,10:54:32,Breakfast,2018-11-12 08:28:37,75008,FR,EUR
142390460,8291,16823.0,15760.0,2020-09-15 10:26:16,2020-09-15 10:26:43,CLOSED,Tiller order,1,16.5,16.5,10:26:16,Breakfast,2018-11-12 08:28:37,75008,FR,EUR
89630305,8291,16823.0,15747.0,2019-08-29 11:21:57,2019-08-29 11:22:32,CLOSED,Tiller iPAD,1,13.3,13.3,11:21:57,Breakfast,2018-11-12 08:28:37,75008,FR,EUR
105501554,8291,16823.0,15747.0,2019-11-28 11:08:03,2019-11-28 11:08:15,CLOSED,Tiller iPAD,1,9.81,9.81,11:08:03,Breakfast,2018-11-12 08:28:37,75008,FR,EUR
144970505,8291,26319.0,15760.0,2020-10-01 13:05:46,2020-10-01 13:06:16,CLOSED,Tiller order,1,8.8,8.8,13:05:46,Lunch,2018-11-12 08:28:37,75008,FR,EUR
64118864,8291,16823.0,15747.0,2019-03-18 13:12:06,2019-03-18 13:12:37,CLOSED,Tiller iPAD,1,9.8,9.8,13:12:06,Lunch,2018-11-12 08:28:37,75008,FR,EUR
54907380,8291,16823.0,15747.0,2019-01-07 11:49:02,2019-01-07 11:49:43,CLOSED,Tiller iPAD,1,7.8,7.8,11:49:02,Breakfast,2018-11-12 08:28:37,75008,FR,EUR
70885180,8291,16823.0,15747.0,2019-05-03 11:21:12,2019-05-03 11:22:09,CLOSED,Tiller iPAD,1,10.9,10.9,11:21:12,Breakfast,2018-11-12 08:28:37,75008,FR,EUR
96622998,8291,16823.0,15747.0,2019-10-07 10:13:36,2019-10-07 10:14:26,CLOSED,Tiller iPAD,1,26.0,26.0,10:13:36,Breakfast,2018-11-12 08:28:37,75008,FR,EUR
80568528,8291,16823.0,15747.0,2019-07-03 13:18:24,2019-07-03 13:18:36,CLOSED,Tiller iPAD,1,3.3,3.3,13:18:24,Lunch,2018-11-12 08:28:37,75008,FR,EUR
80707241,8291,16823.0,15747.0,2019-07-04 10:35:56,2019-07-04 10:36:24,CLOSED,Tiller iPAD,1,15.2,15.2,10:35:56,Breakfast,2018-11-12 08:28:37,75008,FR,EUR
81573178,8291,16823.0,15747.0,2019-07-09 10:30:49,2019-07-09 10:30:56,CLOSED,Tiller iPAD,1,5.7,5.7,10:30:49,Breakfast,2018-11-12 08:28:37,75008,FR,EUR
66750339,8291,16823.0,15747.0,2019-04-05 11:23:12,2019-04-05 11:23:41,CLOSED,Tiller iPAD,1,16.3,16.3,11:23:12,Breakfast,2018-11-12 08:28:37,75008,FR,EUR
68400162,8291,16823.0,15747.0,2019-04-16 10:51:13,2019-04-16 10:51:31,CLOSED,Tiller iPAD,1,9.9,9.9,10:51:13,Breakfast,2018-11-12 08:28:37,75008,FR,EUR
123126070,8291,17650.0,15758.0,2020-03-12 11:09:35,2020-03-12 11:09:50,CLOSED,Tiller order,1,10.9,10.9,11:09:35,Breakfast,2018-11-12 08:28:37,75008,FR,EUR
105743578,8291,16823.0,15747.0,2019-11-29 12:37:29,2019-11-29 12:38:04,CLOSED,Tiller iPAD,1,15.2,15.2,12:37:29,Lunch,2018-11-12 08:28:37,75008,FR,EUR
126701579,8291,16823.0,15760.0,2020-06-03 10:54:27,2020-06-03 10:54:51,CLOSED,Tiller order,1,13.4,13.4,10:54:27,Breakfast,2018-11-12 08:28:37,75008,FR,EUR
144643805,8291,17650.0,15758.0,2020-09-29 11:43:25,2020-09-29 11:43:45,CLOSED,Tiller order,1,14.9,14.9,11:43:25,Breakfast,2018-11-12 08:28:37,75008,FR,EUR
145552927,8291,26319.0,15760.0,2020-10-05 11:12:16,2020-10-05 11:12:59,CLOSED,Tiller order,1,13.7,13.7,11:12:16,Breakfast,2018-11-12 08:28:37,75008,FR,EUR
50639223,8291,16823.0,15747.0,2018-11-29 12:10:01,2018-11-29 16:18:34,CLOSED,Tiller iPAD,1,8.9,8.9,12:10:01,Lunch,2018-11-12 08:28:37,75008,FR,EUR
52200722,8291,16823.0,15747.0,2018-12-10 11:18:16,2018-12-10 11:18:41,CLOSED,Tiller iPAD,1,8.9,8.9,11:18:16,Breakfast,2018-11-12 08:28:37,75008,FR,EUR
116436078,8291,17650.0,15758.0,2020-02-04 11:18:08,2020-02-04 11:18:28,CLOSED,Tiller order,1,10.9,10.9,11:18:08,Breakfast,2018-11-12 08:28:37,75008,FR,EUR
116632272,8291,16823.0,15760.0,2020-02-05 11:56:26,2020-02-05 11:56:41,CLOSED,Tiller order,1,10.9,10.9,11:56:26,Breakfast,2018-11-12 08:28:37,75008,FR,EUR
97364733,8291,16823.0,15747.0,2019-10-11 11:06:38,2019-10-11 11:06:53,CLOSED,Tiller iPAD,1,10.9,10.9,11:06:38,Breakfast,2018-11-12 08:28:37,75008,FR,EUR
66436202,8291,16823.0,15747.0,2019-04-03 11:32:30,2019-04-03 11:32:53,CLOSED,Tiller iPAD,1,9.9,9.9,11:32:30,Breakfast,2018-11-12 08:28:37,75008,FR,EUR
82792234,8291,16823.0,15747.0,2019-07-16 10:13:27,2019-07-16 10:13:44,CLOSED,Tiller iPAD,1,15.2,15.2,10:13:27,Breakfast,2018-11-12 08:28:37,75008,FR,EUR
99844363,8291,16823.0,15747.0,2019-10-25 11:42:27,2019-10-25 11:44:33,CLOSED,Tiller iPAD,1,10.9,10.9,11:42:27,Breakfast,2018-11-12 08:28:37,75008,FR,EUR
120159606,8291,16823.0,15760.0,2020-02-24 12:21:16,2020-02-24 12:21:28,CLOSED,Tiller order,1,10.9,10.9,12:21:16,Lunch,2018-11-12 08:28:37,75008,FR,EUR
141557662,8291,16823.0,15760.0,2020-09-10 11:11:45,2020-09-10 11:11:51,CLOSED,Tiller order,1,10.9,10.9,11:11:45,Breakfast,2018-11-12 08:28:37,75008,FR,EUR
86764288,8291,16823.0,15747.0,2019-08-09 10:38:48,2019-08-09 10:38:59,CLOSED,Tiller iPAD,1,8.3,8.3,10:38:48,Breakfast,2018-11-12 08:28:37,75008,FR,EUR
115061250,8291,16823.0,15760.0,2020-01-27 11:30:47,2020-01-27 11:31:00,CLOSED,Tiller order,1,14.4,14.4,11:30:47,Breakfast,2018-11-12 08:28:37,75008,FR,EUR
115359136,8291,16823.0,15760.0,2020-01-29 11:12:57,2020-01-29 11:13:11,CLOSED,Tiller order,1,9.2,9.2,11:12:57,Breakfast,2018-11-12 08:28:37,75008,FR,EUR
66271216,8291,16823.0,15747.0,2019-04-02 10:33:26,2019-04-02 10:33:42,CLOSED,Tiller iPAD,1,9.9,9.9,10:33:26,Breakfast,2018-11-12 08:28:37,75008,FR,EUR
54897107,8291,16823.0,15747.0,2019-01-07 11:16:57,2019-01-07 11:17:56,CLOSED,Tiller iPAD,1,12.42,12.42,11:16:57,Breakfast,2018-11-12 08:28:37,75008,FR,EUR
89443138,8291,16823.0,15747.0,2019-08-28 11:05:55,2019-08-28 11:06:16,CLOSED,Tiller iPAD,1,9.9,9.9,11:05:55,Breakfast,2018-11-12 08:28:37,75008,FR,EUR
89598784,8291,16823.0,15747.0,2019-08-29 10:13:29,2019-08-29 10:13:56,CLOSED,Tiller iPAD,1,11.7,11.7,10:13:29,Breakfast,2018-11-12 08:28:37,75008,FR,EUR
131995758,8291,16823.0,15760.0,2020-07-09 14:02:14,2020-07-09 14:02:24,CLOSED,Tiller order,1,3.8,3.8,14:02:14,Lunch,2018-11-12 08:28:37,75008,FR,EUR
79044824,8291,16823.0,15747.0,2019-06-24 11:28:19,2019-06-24 11:29:00,CLOSED,Tiller iPAD,1,4.1,4.1,11:28:19,Breakfast,2018-11-12 08:28:37,75008,FR,EUR
49170536,8291,16823.0,15747.0,2018-11-16 12:22:02,2018-11-16 12:22:24,CLOSED,Tiller iPAD,1,10.9,10.9,12:22:02,Lunch,2018-11-12 08:28:37,75008,FR,EUR
95390226,8291,16823.0,15747.0,2019-09-30 11:19:16,2019-09-30 11:19:40,CLOSED,Tiller iPAD,1,9.9,9.9,11:19:16,Breakfast,2018-11-12 08:28:37,75008,FR,EUR
65110790,8291,16823.0,15747.0,2019-03-25 12:08:17,2019-03-25 12:08:25,CLOSED,Tiller iPAD,1,5.1,5.1,12:08:17,Lunch,2018-11-12 08:28:37,75008,FR,EUR
115187005,8291,16823.0,15760.0,2020-01-28 10:57:28,2020-01-28 10:57:42,CLOSED,Tiller order,1,15.5,15.5,10:57:28,Breakfast,2018-11-12 08:28:37,75008,FR,EUR
80551442,8291,16823.0,15747.0,2019-07-03 11:49:14,2019-07-03 11:49:24,CLOSED,Tiller iPAD,1,9.9,9.9,11:49:14,Breakfast,2018-11-12 08:28:37,75008,FR,EUR
97146838,8291,16823.0,15747.0,2019-10-10 10:42:49,2019-10-10 10:43:19,CLOSED,Tiller iPAD,1,16.5,16.5,10:42:49,Breakfast,2018-11-12 08:28:37,75008,FR,EUR
83386242,8291,16823.0,15747.0,2019-07-19 11:21:42,2019-07-19 11:22:12,CLOSED,Tiller iPAD,1,14.2,14.2,11:21:42,Breakfast,2018-11-12 08:28:37,75008,FR,EUR
84398970,8291,16823.0,15747.0,2019-07-25 12:15:20,2019-07-25 12:18:30,CLOSED,Tiller iPAD,1,9.2,9.2,12:15:20,Lunch,2018-11-12 08:28:37,75008,FR,EUR
101799883,8291,17650.0,15747.0,2019-11-06 11:13:14,2019-11-06 11:13:36,CLOSED,Tiller iPAD,1,18.7,18.7,11:13:14,Breakfast,2018-11-12 08:28:37,75008,FR,EUR
56099160,8291,16823.0,15747.0,2019-01-17 12:01:39,2019-01-17 12:02:21,CLOSED,Tiller iPAD,1,11.2,11.2,12:01:39,Lunch,2018-11-12 08:28:37,75008,FR,EUR
59356178,8291,16823.0,15747.0,2019-02-12 11:55:28,2019-02-12 11:56:10,CLOSED,Tiller iPAD,1,11.9,11.9,11:55:28,Breakfast,2018-11-12 08:28:37,75008,FR,EUR
64662815,8291,16823.0,15747.0,2019-03-22 11:58:26,2019-03-22 11:59:11,CLOSED,Tiller iPAD,1,16.3,16.3,11:58:26,Breakfast,2018-11-12 08:28:37,75008,FR,EUR
116288941,8291,16823.0,15760.0,2020-02-03 11:10:45,2020-02-03 11:11:06,CLOSED,Tiller order,1,10.9,10.9,11:10:45,Breakfast,2018-11-12 08:28:37,75008,FR,EUR
118885423,8291,17650.0,15758.0,2020-02-17 12:28:59,2020-02-17 12:29:19,CLOSED,Tiller order,1,9.9,9.9,12:28:59,Lunch,2018-11-12 08:28:37,75008,FR,EUR
121557991,8291,16823.0,15760.0,2020-03-03 12:18:31,2020-03-03 12:18:44,CLOSED,Tiller order,1,10.9,10.9,12:18:31,Lunch,2018-11-12 08:28:37,75008,FR,EUR
122959166,8291,16823.0,15760.0,2020-03-11 11:36:07,2020-03-11 11:36:17,CLOSED,Tiller order,1,10.9,10.9,11:36:07,Breakfast,2018-11-12 08:28:37,75008,FR,EUR
144931859,8291,26319.0,15760.0,2020-10-01 10:44:32,2020-10-01 10:44:34,CLOSED,Tiller order,1,10.9,10.9,10:44:32,Breakfast,2018-11-12 08:28:37,75008,FR,EUR
50386223,8291,16823.0,15747.0,2018-11-27 11:28:03,2018-11-27 15:08:35,CLOSED,Tiller iPAD,1,20.8,20.8,11:28:03,Breakfast,2018-11-12 08:28:37,75008,FR,EUR
79969209,351,461.0,128.0,2019-06-29 17:03:54,2019-06-29 18:22:21,CLOSED,Tiller iPAD,4,128.0,128.0,17:03:54,Lunch,2015-07-25 11:51:52,75002,FR,EUR
50454421,351,461.0,128.0,2018-11-27 19:17:04,2018-11-27 21:18:41,CLOSED,Tiller iPAD,2,55.0,55.0,19:17:04,Dinner,2015-07-25 11:51:52,75002,FR,EUR
6653607,351,461.0,128.0,2017-03-21 10:38:44,2017-03-21 10:38:57,CLOSED,Tiller iPAD,1,45.0,45.0,10:38:44,Breakfast,2015-07-25 11:51:52,75002,FR,EUR
69642243,351,461.0,128.0,2019-04-24 18:54:11,2019-04-24 19:04:11,CLOSED,Tiller iPAD,9,306.5,306.5,18:54:11,Dinner,2015-07-25 11:51:52,75002,FR,EUR
10375847,351,461.0,128.0,2017-07-04 18:55:19,2017-07-04 20:22:39,CLOSED,Tiller iPAD,2,69.0,69.0,18:55:19,Dinner,2015-07-25 11:51:52,75002,FR,EUR
12945579,351,461.0,128.0,2017-09-06 17:11:45,2017-09-06 19:44:10,CLOSED,Tiller iPAD,2,30.5,30.5,17:11:45,Lunch,2015-07-25 11:51:52,75002,FR,EUR
13051458,351,461.0,128.0,2017-09-08 17:57:11,2017-09-08 21:22:22,CLOSED,Tiller iPAD,3,126.5,126.5,17:57:11,Lunch,2015-07-25 11:51:52,75002,FR,EUR
5641241,351,461.0,128.0,2017-02-10 20:07:45,2017-02-10 21:19:57,CLOSED,Tiller iPAD,2,44.0,44.0,20:07:45,Dinner,2015-07-25 11:51:52,75002,FR,EUR
63734548,351,461.0,128.0,2019-03-15 18:03:27,2019-03-15 21:44:33,CLOSED,Tiller iPAD,2,95.6,95.6,18:03:27,Dinner,2015-07-25 11:51:52,75002,FR,EUR
2699378,351,461.0,128.0,2016-09-10 18:36:52,2016-09-10 19:53:57,CLOSED,Tiller iPAD,5,154.5,154.5,18:36:52,Dinner,2015-07-25 11:51:52,75002,FR,EUR
5342027,351,461.0,128.0,2017-01-28 21:29:58,2017-01-28 22:32:55,CLOSED,Tiller iPAD,5,112.0,112.0,21:29:58,Dinner,2015-07-25 11:51:52,75002,FR,EUR
25155837,351,461.0,128.0,2018-04-04 20:15:47,2018-04-04 22:04:59,CLOSED,Tiller iPAD,2,95.4,95.4,20:15:47,Dinner,2015-07-25 11:51:52,75002,FR,EUR
58503421,351,461.0,128.0,2019-02-05 20:18:27,2019-02-05 20:27:09,CLOSED,Tiller iPAD,2,75.1,75.1,20:18:27,Dinner,2015-07-25 11:51:52,75002,FR,EUR
3982442,351,461.0,128.0,2016-11-23 19:13:10,2016-11-23 21:04:00,CLOSED,Tiller iPAD,2,60.5,60.5,19:13:10,Dinner,2015-07-25 11:51:52,75002,FR,EUR
21863189,351,461.0,128.0,2018-02-21 20:06:58,2018-02-21 21:47:26,CLOSED,Tiller iPAD,2,63.0,63.0,20:06:58,Dinner,2015-07-25 11:51:52,75002,FR,EUR
83024187,351,461.0,128.0,2019-07-17 12:31:36,2019-07-17 12:43:43,CLOSED,Tiller iPAD,1,70.0,70.0,12:31:36,Lunch,2015-07-25 11:51:52,75002,FR,EUR
20174512,351,461.0,128.0,2018-01-27 22:32:55,2018-01-27 23:16:00,CLOSED,Tiller iPAD,4,73.0,73.0,22:32:55,Dinner,2015-07-25 11:51:52,75002,FR,EUR
20935988,351,461.0,128.0,2018-02-08 22:29:12,2018-02-08 22:51:03,CLOSED,Tiller iPAD,5,106.0,106.0,22:29:12,Dinner,2015-07-25 11:51:52,75002,FR,EUR
96568828,351,461.0,128.0,2019-10-06 18:00:25,2019-10-06 19:52:40,CLOSED,Tiller iPAD,3,51.5,51.5,18:00:25,Dinner,2015-07-25 11:51:52,75002,FR,EUR
4735647,351,461.0,128.0,2016-12-30 22:15:29,2016-12-30 22:22:27,CLOSED,Tiller iPAD,1,45.0,45.0,22:15:29,Dinner,2015-07-25 11:51:52,75002,FR,EUR
96937343,351,461.0,128.0,2019-10-09 08:56:43,2019-10-09 08:57:50,CLOSED,Tiller iPAD,1,32.0,32.0,08:56:43,Breakfast,2015-07-25 11:51:52,75002,FR,EUR
85626521,351,461.0,128.0,2019-08-01 21:04:11,2019-08-01 21:21:01,CLOSED,Tiller iPAD,2,60.0,60.0,21:04:11,Dinner,2015-07-25 11:51:52,75002,FR,EUR
23034275,351,461.0,128.0,2018-03-09 19:51:40,2018-03-09 19:52:57,CLOSED,Tiller iPAD,0,21.3,21.3,19:51:40,Dinner,2015-07-25 11:51:52,75002,FR,EUR
3155959,351,461.0,128.0,2016-10-07 22:25:26,2016-10-07 22:47:25,CLOSED,Tiller iPAD,1,12.9,12.9,22:25:26,Dinner,2015-07-25 11:51:52,75002,FR,EUR
66661919,351,461.0,128.0,2019-04-04 19:21:30,2019-04-04 22:00:33,CLOSED,Tiller iPAD,2,72.0,72.0,19:21:30,Dinner,2015-07-25 11:51:52,75002,FR,EUR
25801902,351,461.0,128.0,2018-04-11 18:55:27,2018-04-11 20:06:24,CLOSED,Tiller iPAD,1,31.5,31.5,18:55:27,Dinner,2015-07-25 11:51:52,75002,FR,EUR
11027335,351,461.0,128.0,2017-07-19 18:00:52,2017-07-19 19:39:40,CLOSED,Tiller iPAD,2,33.0,33.0,18:00:52,Dinner,2015-07-25 11:51:52,75002,FR,EUR
89694325,351,461.0,128.0,2019-08-29 17:02:18,2019-08-29 19:43:45,CLOSED,Tiller iPAD,2,50.0,50.0,17:02:18,Lunch,2015-07-25 11:51:52,75002,FR,EUR
1436794,351,461.0,128.0,2016-06-02 11:45:52,2016-06-02 12:24:05,CLOSED,Tiller iPAD,2,47.0,47.0,11:45:52,Breakfast,2015-07-25 11:51:52,75002,FR,EUR
49208645,6008,10990.0,11065.0,2018-11-16 16:43:54,2018-11-16 16:56:15,CLOSED,Tiller iPAD,1,9.9,9.9,16:43:54,Lunch,2018-02-19 11:58:54,75016,FR,EUR
50451573,6008,10990.0,11065.0,2018-11-27 18:57:58,2018-11-27 18:58:59,CLOSED,Tiller iPAD,1,25.0,25.0,18:57:58,Dinner,2018-02-19 11:58:54,75016,FR,EUR
52738403,6008,10990.0,11065.0,2018-12-16 10:33:13,2018-12-16 10:33:29,CLOSED,Tiller iPAD,1,9.9,9.9,10:33:13,Breakfast,2018-02-19 11:58:54,75016,FR,EUR
122531461,6008,10991.0,11065.0,2020-03-08 11:55:18,2020-03-08 11:55:35,CLOSED,Tiller order,1,63.0,63.0,11:55:18,Breakfast,2018-02-19 11:58:54,75016,FR,EUR
49357771,6008,10990.0,11065.0,2018-11-17 18:46:21,2018-11-17 18:46:29,CLOSED,Tiller iPAD,1,30.0,30.0,18:46:21,Dinner,2018-02-19 11:58:54,75016,FR,EUR
50016359,6008,10990.0,11065.0,2018-11-23 17:26:05,2018-11-23 17:52:43,CLOSED,Tiller iPAD,1,47.9,47.9,17:26:05,Lunch,2018-02-19 11:58:54,75016,FR,EUR
115436793,6008,25250.0,11065.0,2020-01-29 16:16:14,2020-01-29 16:16:35,CLOSED,Tiller order,1,52.0,52.0,16:16:14,Lunch,2018-02-19 11:58:54,75016,FR,EUR
143614488,6008,10991.0,11065.0,2020-09-22 15:41:12,2020-09-22 15:41:16,CLOSED,Tiller order,1,22.0,22.0,15:41:12,Lunch,2018-02-19 11:58:54,75016,FR,EUR
106031174,6008,10991.0,11065.0,2019-11-30 18:35:49,2019-11-30 18:35:54,CLOSED,Tiller order,1,30.0,30.0,18:35:49,Dinner,2018-02-19 11:58:54,75016,FR,EUR
125676811,6008,10991.0,11065.0,2020-05-21 09:29:49,2020-05-21 09:33:27,CLOSED,Tiller order,1,44.0,44.0,09:29:49,Breakfast,2018-02-19 11:58:54,75016,FR,EUR
26167423,6008,10990.0,11065.0,2018-04-15 10:21:57,2018-04-15 10:35:40,CLOSED,Tiller iPAD,1,25.0,25.0,10:21:57,Breakfast,2018-02-19 11:58:54,75016,FR,EUR
63713522,6008,10990.0,11065.0,2019-03-15 15:31:40,2019-03-15 15:42:49,CLOSED,Tiller iPAD,1,45.0,45.0,15:31:40,Lunch,2018-02-19 11:58:54,75016,FR,EUR
122859258,6008,25250.0,11065.0,2020-03-10 16:33:52,2020-03-10 16:33:56,CLOSED,Tiller order,1,30.0,30.0,16:33:52,Lunch,2018-02-19 11:58:54,75016,FR,EUR
70628942,6008,10991.0,11065.0,2019-05-01 16:17:40,2019-05-01 16:22:29,CLOSED,Tiller iPAD,1,35.0,35.0,16:17:40,Lunch,2018-02-19 11:58:54,75016,FR,EUR
66631805,6008,10990.0,11065.0,2019-04-04 16:22:42,2019-04-04 16:42:57,CLOSED,Tiller iPAD,1,70.0,70.0,16:22:42,Lunch,2018-02-19 11:58:54,75016,FR,EUR
28401156,6008,10990.0,11065.0,2018-05-10 09:15:11,2018-05-10 09:40:52,CLOSED,Tiller iPAD,1,9.9,9.9,09:15:11,Breakfast,2018-02-19 11:58:54,75016,FR,EUR
143683563,6008,10991.0,11065.0,2020-09-23 08:18:30,2020-09-23 08:18:33,CLOSED,Tiller order,1,50.0,50.0,08:18:30,Breakfast,2018-02-19 11:58:54,75016,FR,EUR
145735211,6008,10991.0,11065.0,2020-10-06 17:42:05,2020-10-06 17:42:09,CLOSED,Tiller order,1,38.0,38.0,17:42:05,Lunch,2018-02-19 11:58:54,75016,FR,EUR
145870779,6008,10991.0,11065.0,2020-10-07 16:15:01,2020-10-07 16:15:05,CLOSED,Tiller order,1,33.0,33.0,16:15:01,Lunch,2018-02-19 11:58:54,75016,FR,EUR
42512646,6008,10990.0,11065.0,2018-09-21 10:17:38,2018-09-21 11:14:06,CLOSED,Tiller iPAD,1,11.4,11.4,10:17:38,Breakfast,2018-02-19 11:58:54,75016,FR,EUR
50451883,730,1095.0,754.0,2018-11-27 19:01:28,2018-11-27 19:06:29,CLOSED,Tiller iPAD,1,28.8,28.8,19:01:28,Dinner,2015-11-09 15:35:23,75013,FR,EUR
38353338,730,1095.0,754.0,2018-08-13 17:50:53,2018-08-13 19:10:22,CLOSED,Tiller iPAD,2,61.5,61.5,17:50:53,Lunch,2015-11-09 15:35:23,75013,FR,EUR
5705085,730,1095.0,754.0,2017-02-13 18:49:08,2017-02-13 19:15:02,CLOSED,Tiller iPAD,2,17.05,17.05,18:49:08,Dinner,2015-11-09 15:35:23,75013,FR,EUR
8599763,730,1095.0,757.0,2017-05-20 20:50:14,2017-05-20 20:51:39,CLOSED,Tiller iPAD,4,62.5,62.5,20:50:14,Dinner,2015-11-09 15:35:23,75013,FR,EUR
3700584,730,1095.0,755.0,2016-11-07 20:07:42,2016-11-07 21:35:21,CLOSED,Tiller iPAD,2,36.0,36.0,20:07:42,Dinner,2015-11-09 15:35:23,75013,FR,EUR
71504686,730,1095.0,754.0,2019-05-07 17:57:28,2019-05-07 18:44:29,CLOSED,Tiller iPAD,2,32.5,32.5,17:57:28,Lunch,2015-11-09 15:35:23,75013,FR,EUR
1373338,730,1095.0,754.0,2016-05-26 16:58:58,2016-05-26 17:00:26,CLOSED,Tiller iPAD,1,32.9,32.9,16:58:58,Lunch,2015-11-09 15:35:23,75013,FR,EUR
21518315,730,1095.0,755.0,2018-02-16 18:22:43,2018-02-16 19:03:57,CLOSED,Tiller iPAD,1,32.4,32.4,18:22:43,Dinner,2015-11-09 15:35:23,75013,FR,EUR
84095917,730,1095.0,754.0,2019-07-22 18:05:27,2019-07-22 19:09:58,CLOSED,Tiller iPAD,2,71.5,71.5,18:05:27,Dinner,2015-11-09 15:35:23,75013,FR,EUR
27032754,730,1095.0,755.0,2018-04-24 18:44:44,2018-04-24 21:22:30,CLOSED,Tiller iPAD,1,15.3,15.3,18:44:44,Dinner,2015-11-09 15:35:23,75013,FR,EUR
51832640,730,1095.0,754.0,2018-12-08 18:29:46,2018-12-08 20:01:55,CLOSED,Tiller iPAD,3,56.5,56.5,18:29:46,Dinner,2015-11-09 15:35:23,75013,FR,EUR
37217282,730,1095.0,754.0,2018-08-01 17:35:15,2018-08-01 18:51:52,CLOSED,Tiller iPAD,2,41.5,41.5,17:35:15,Lunch,2015-11-09 15:35:23,75013,FR,EUR
20542918,730,1095.0,755.0,2018-02-02 18:30:44,2018-02-02 20:48:23,CLOSED,Tiller iPAD,9,232.5,232.5,18:30:44,Dinner,2015-11-09 15:35:23,75013,FR,EUR
39589373,730,1095.0,754.0,2018-08-27 16:36:48,2018-08-27 16:58:15,CLOSED,Tiller iPAD,1,28.8,28.8,16:36:48,Lunch,2015-11-09 15:35:23,75013,FR,EUR
20159186,730,1095.0,755.0,2018-01-27 19:20:09,2018-01-27 19:27:14,CLOSED,Tiller iPAD,1,37.8,37.8,19:20:09,Dinner,2015-11-09 15:35:23,75013,FR,EUR
2700792,730,1095.0,754.0,2016-09-10 19:45:41,2016-09-10 21:14:36,CLOSED,Tiller iPAD,2,40.0,40.0,19:45:41,Dinner,2015-11-09 15:35:23,75013,FR,EUR
44395345,730,1095.0,754.0,2018-10-06 17:21:32,2018-10-06 21:17:50,CLOSED,Tiller iPAD,1,34.0,34.0,17:21:32,Lunch,2015-11-09 15:35:23,75013,FR,EUR
35827239,730,1095.0,754.0,2018-07-19 17:58:41,2018-07-19 19:14:36,CLOSED,Tiller iPAD,2,48.0,48.0,17:58:41,Lunch,2015-11-09 15:35:23,75013,FR,EUR
5881372,730,1095.0,754.0,2017-02-20 18:56:05,2017-02-20 19:12:40,CLOSED,Tiller iPAD,2,61.2,61.2,18:56:05,Dinner,2015-11-09 15:35:23,75013,FR,EUR
23504411,730,1095.0,755.0,2018-03-15 19:03:28,2018-03-15 21:28:51,CLOSED,Tiller iPAD,2,45.0,45.0,19:03:28,Dinner,2015-11-09 15:35:23,75013,FR,EUR
88761789,730,1095.0,754.0,2019-08-23 17:36:12,2019-08-23 18:38:04,CLOSED,Tiller iPAD,3,49.5,49.5,17:36:12,Lunch,2015-11-09 15:35:23,75013,FR,EUR
89348186,730,1095.0,754.0,2019-08-27 17:35:24,2019-08-27 17:42:45,CLOSED,Tiller iPAD,2,82.7,82.7,17:35:24,Lunch,2015-11-09 15:35:23,75013,FR,EUR
1993979,730,1095.0,754.0,2016-07-13 19:46:02,2016-07-13 20:29:20,CLOSED,Tiller iPAD,2,52.5,52.5,19:46:02,Dinner,2015-11-09 15:35:23,75013,FR,EUR
1904545,2035,2753.0,716.0,2016-07-07 17:28:36,2016-07-07 18:05:32,CLOSED,Tiller iPAD,0,27.0,27.0,17:28:36,Lunch,2016-05-17 08:53:49,75010,FR,EUR
19691004,2035,2752.0,5949.0,2018-01-20 18:23:38,2018-01-20 19:08:46,CLOSED,Tiller iPAD,2,47.85,47.85,18:23:38,Dinner,2016-05-17 08:53:49,75010,FR,EUR
21385338,2035,2753.0,5949.0,2018-02-15 11:53:42,2018-02-15 12:45:43,CLOSED,Tiller iPAD,5,111.1,111.1,11:53:42,Breakfast,2016-05-17 08:53:49,75010,FR,EUR
37554932,2035,2752.0,5949.0,2018-08-04 18:23:47,2018-08-04 18:38:24,CLOSED,Tiller iPAD,0,14.3,14.3,18:23:47,Dinner,2016-05-17 08:53:49,75010,FR,EUR
3672152,2035,2753.0,3063.0,2016-11-05 19:44:31,2016-11-05 19:45:04,CLOSED,Tiller iPAD,0,1.2,1.2,19:44:31,Dinner,2016-05-17 08:53:49,75010,FR,EUR
4103400,2035,2752.0,3063.0,2016-11-29 19:24:02,2016-11-29 19:24:14,CLOSED,Tiller iPAD,0,2.4,2.4,19:24:02,Dinner,2016-05-17 08:53:49,75010,FR,EUR
21602791,2035,2753.0,5949.0,2018-02-17 18:33:30,2018-02-17 19:41:50,CLOSED,Tiller iPAD,2,36.5,36.5,18:33:30,Dinner,2016-05-17 08:53:49,75010,FR,EUR
118083886,2035,2753.0,5949.0,2020-02-13 11:48:02,2020-02-13 12:30:07,CLOSED,Tiller iPAD,2,13.9,13.9,11:48:02,Breakfast,2016-05-17 08:53:49,75010,FR,EUR
5801079,2035,2753.0,3063.0,2017-02-17 12:14:52,2017-02-17 13:03:52,CLOSED,Tiller iPAD,4,63.0,63.0,12:14:52,Lunch,2016-05-17 08:53:49,75010,FR,EUR
99699375,2035,2752.0,5949.0,2019-10-24 16:42:30,2019-10-24 16:42:41,CLOSED,Tiller iPAD,0,4.4,4.4,16:42:30,Lunch,2016-05-17 08:53:49,75010,FR,EUR
9517258,2035,2752.0,3063.0,2017-06-14 09:16:22,2017-06-14 09:17:00,CLOSED,Tiller iPAD,0,1.2,1.2,09:16:22,Breakfast,2016-05-17 08:53:49,75010,FR,EUR
112213211,2035,2753.0,5949.0,2020-01-10 17:12:06,2020-01-10 17:12:25,CLOSED,Tiller iPAD,2,4.4,4.4,17:12:06,Lunch,2016-05-17 08:53:49,75010,FR,EUR
1412318,2035,2753.0,716.0,2016-05-31 07:59:23,2016-05-31 07:59:32,CLOSED,Tiller iPAD,1,1.2,1.2,07:59:23,Breakfast,2016-05-17 08:53:49,75010,FR,EUR
3114533,2035,2752.0,3064.0,2016-10-06 07:51:00,2016-10-06 07:51:16,CLOSED,Tiller iPAD,0,1.2,1.2,07:51:00,Breakfast,2016-05-17 08:53:49,75010,FR,EUR
22852864,2035,2753.0,5949.0,2018-03-07 19:32:17,2018-03-07 20:37:31,CLOSED,Tiller iPAD,1,65.5,65.5,19:32:17,Dinner,2016-05-17 08:53:49,75010,FR,EUR
5580718,2035,2752.0,3063.0,2017-02-08 15:50:15,2017-02-08 16:20:35,CLOSED,Tiller iPAD,0,6.9,6.9,15:50:15,Lunch,2016-05-17 08:53:49,75010,FR,EUR
6311176,2035,2752.0,3063.0,2017-03-09 12:22:37,2017-03-09 13:23:38,CLOSED,Tiller iPAD,3,47.9,47.9,12:22:37,Lunch,2016-05-17 08:53:49,75010,FR,EUR
6877481,2035,2752.0,3063.0,2017-03-28 15:31:01,2017-03-28 16:36:06,CLOSED,Tiller iPAD,0,7.8,7.8,15:31:01,Lunch,2016-05-17 08:53:49,75010,FR,EUR
24165087,2035,2752.0,5949.0,2018-03-23 18:49:08,2018-03-23 18:49:19,CLOSED,Tiller iPAD,0,40.0,40.0,18:49:08,Dinner,2016-05-17 08:53:49,75010,FR,EUR
8990417,2035,2752.0,3063.0,2017-05-31 10:51:09,2017-05-31 11:40:36,CLOSED,Tiller iPAD,2,56.9,56.9,10:51:09,Breakfast,2016-05-17 08:53:49,75010,FR,EUR
21517434,2035,2753.0,5949.0,2018-02-16 18:14:12,2018-02-16 19:42:54,CLOSED,Tiller iPAD,0,31.0,31.0,18:14:12,Dinner,2016-05-17 08:53:49,75010,FR,EUR
50860393,2035,2753.0,5949.0,2018-11-30 20:50:09,2018-11-30 22:41:30,CLOSED,Tiller iPAD,0,29.0,29.0,20:50:09,Dinner,2016-05-17 08:53:49,75010,FR,EUR
5019581,2035,2752.0,3063.0,2017-01-14 18:37:57,2017-01-14 19:41:03,CLOSED,Tiller iPAD,2,41.0,41.0,18:37:57,Dinner,2016-05-17 08:53:49,75010,FR,EUR
82412026,2035,2752.0,5949.0,2019-07-13 16:01:49,2019-07-13 16:02:13,CLOSED,Tiller iPAD,0,3.3,3.3,16:01:49,Lunch,2016-05-17 08:53:49,75010,FR,EUR
7582502,2035,2752.0,3063.0,2017-04-20 11:30:20,2017-04-20 11:52:13,CLOSED,Tiller iPAD,0,8.2,8.2,11:30:20,Breakfast,2016-05-17 08:53:49,75010,FR,EUR
141234640,2035,2752.0,3063.0,2020-09-08 12:52:32,2020-09-08 12:52:39,CLOSED,Tiller order,0,1.2,1.2,12:52:32,Lunch,2016-05-17 08:53:49,75010,FR,EUR
105862038,2035,2752.0,5949.0,2019-11-29 21:39:23,2019-11-29 22:54:09,CLOSED,Tiller iPAD,1,14.2,14.2,21:39:23,Dinner,2016-05-17 08:53:49,75010,FR,EUR
20078733,2035,2752.0,5949.0,2018-01-26 18:31:45,2018-01-26 23:01:26,CLOSED,Tiller iPAD,7,168.5,168.5,18:31:45,Dinner,2016-05-17 08:53:49,75010,FR,EUR
114623799,2035,2753.0,5949.0,2020-01-24 17:48:05,2020-01-24 19:38:38,CLOSED,Tiller iPAD,4,194.5,194.5,17:48:05,Lunch,2016-05-17 08:53:49,75010,FR,EUR
116529326,2035,2752.0,5949.0,2020-02-04 18:13:01,2020-02-04 18:39:16,CLOSED,Tiller iPAD,0,5.6,5.6,18:13:01,Dinner,2016-05-17 08:53:49,75010,FR,EUR
23280845,2035,2752.0,5949.0,2018-03-13 10:43:27,2018-03-13 10:47:14,CLOSED,Tiller iPAD,0,3.6,3.6,10:43:27,Breakfast,2016-05-17 08:53:49,75010,FR,EUR
23695569,2035,2752.0,5949.0,2018-03-17 19:17:32,2018-03-17 20:46:13,CLOSED,Tiller iPAD,4,75.8,75.8,19:17:32,Dinner,2016-05-17 08:53:49,75010,FR,EUR
7380687,2035,2752.0,3063.0,2017-04-13 11:07:55,2017-04-13 12:20:00,CLOSED,Tiller iPAD,4,99.2,99.2,11:07:55,Breakfast,2016-05-17 08:53:49,75010,FR,EUR
9138072,2035,2753.0,3063.0,2017-06-02 17:59:00,2017-06-02 18:45:27,CLOSED,Tiller iPAD,0,40.5,40.5,17:59:00,Lunch,2016-05-17 08:53:49,75010,FR,EUR
38108455,2035,2753.0,5949.0,2018-08-10 19:06:34,2018-08-10 20:04:04,CLOSED,Tiller iPAD,2,60.5,60.5,19:06:34,Dinner,2016-05-17 08:53:49,75010,FR,EUR
38123306,2035,2753.0,5949.0,2018-08-10 21:29:19,2018-08-10 21:30:48,CLOSED,Tiller iPAD,0,3.8,3.8,21:29:19,Dinner,2016-05-17 08:53:49,75010,FR,EUR
71412461,2035,2752.0,5949.0,2019-05-07 09:38:45,2019-05-07 10:02:43,CLOSED,Tiller iPAD,0,6.2,6.2,09:38:45,Breakfast,2016-05-17 08:53:49,75010,FR,EUR
114636555,2035,2753.0,5949.0,2020-01-24 18:40:24,2020-01-24 19:43:59,CLOSED,Tiller iPAD,2,46.0,46.0,18:40:24,Dinner,2016-05-17 08:53:49,75010,FR,EUR
2790973,2035,2753.0,3064.0,2016-09-16 15:55:43,2016-09-16 17:26:32,CLOSED,Tiller iPAD,0,84.6,84.6,15:55:43,Lunch,2016-05-17 08:53:49,75010,FR,EUR
40797583,2035,2752.0,5949.0,2018-09-07 11:06:51,2018-09-07 12:17:50,CLOSED,Tiller iPAD,2,66.9,66.9,11:06:51,Breakfast,2016-05-17 08:53:49,75010,FR,EUR
11342510,2035,2753.0,3063.0,2017-07-27 08:40:29,2017-07-27 08:40:55,CLOSED,Tiller iPAD,0,4.4,4.4,08:40:29,Breakfast,2016-05-17 08:53:49,75010,FR,EUR
81930361,2035,2752.0,5949.0,2019-07-11 10:04:16,2019-07-11 10:05:52,CLOSED,Tiller iPAD,0,1.2,1.2,10:04:16,Breakfast,2016-05-17 08:53:49,75010,FR,EUR
2641139,2035,2752.0,716.0,2016-09-07 13:50:23,2016-09-07 13:50:30,CLOSED,Tiller iPAD,0,2.4,2.4,13:50:23,Lunch,2016-05-17 08:53:49,75010,FR,EUR
3774008,2035,2752.0,3063.0,2016-11-11 20:55:37,2016-11-11 22:43:55,CLOSED,Tiller iPAD,4,92.1,92.1,20:55:37,Dinner,2016-05-17 08:53:49,75010,FR,EUR
4167983,2035,2753.0,3063.0,2016-12-02 18:16:25,2016-12-02 19:48:26,CLOSED,Tiller iPAD,0,34.3,34.3,18:16:25,Dinner,2016-05-17 08:53:49,75010,FR,EUR
5168540,2035,2752.0,3063.0,2017-01-21 14:42:14,2017-01-21 15:16:00,CLOSED,Tiller iPAD,0,4.4,4.4,14:42:14,Lunch,2016-05-17 08:53:49,75010,FR,EUR
8252828,2035,2753.0,3063.0,2017-05-11 19:23:42,2017-05-11 21:23:29,CLOSED,Tiller iPAD,3,62.0,62.0,19:23:42,Dinner,2016-05-17 08:53:49,75010,FR,EUR
12946084,2035,2753.0,5949.0,2017-09-06 17:22:39,2017-09-06 21:57:55,CLOSED,Tiller iPAD,1,54.0,54.0,17:22:39,Lunch,2016-05-17 08:53:49,75010,FR,EUR
1536404,2035,2753.0,716.0,2016-06-11 15:41:47,2016-06-11 15:44:24,CLOSED,Tiller iPAD,0,3.7,3.7,15:41:47,Lunch,2016-05-17 08:53:49,75010,FR,EUR
66279358,2035,2753.0,5949.0,2019-04-02 10:50:36,2019-04-02 11:52:10,CLOSED,Tiller iPAD,8,118.2,118.2,10:50:36,Breakfast,2016-05-17 08:53:49,75010,FR,EUR
100601500,2035,2753.0,5949.0,2019-10-29 19:07:46,2019-10-29 21:03:48,CLOSED,Tiller iPAD,2,64.0,64.0,19:07:46,Dinner,2016-05-17 08:53:49,75010,FR,EUR
122196203,2035,2752.0,5949.0,2020-03-06 18:38:16,2020-03-06 19:29:57,CLOSED,Tiller iPAD,2,48.5,48.5,18:38:16,Dinner,2016-05-17 08:53:49,75010,FR,EUR
122879554,2035,2752.0,5949.0,2020-03-10 18:39:56,2020-03-10 19:39:48,CLOSED,Tiller iPAD,3,69.0,69.0,18:39:56,Dinner,2016-05-17 08:53:49,75010,FR,EUR
71773696,2035,2752.0,5949.0,2019-05-09 19:13:17,2019-05-09 19:22:07,CLOSED,Tiller iPAD,0,1.2,1.2,19:13:17,Dinner,2016-05-17 08:53:49,75010,FR,EUR
106700015,2035,2752.0,5949.0,2019-12-05 08:27:12,2019-12-05 08:27:39,CLOSED,Tiller iPAD,0,25.0,25.0,08:27:12,Breakfast,2016-05-17 08:53:49,75010,FR,EUR
113312952,2035,2752.0,5949.0,2020-01-17 10:32:06,2020-01-17 10:32:12,CLOSED,Tiller iPAD,0,1.2,1.2,10:32:06,Breakfast,2016-05-17 08:53:49,75010,FR,EUR
2262467,2035,2753.0,716.0,2016-08-05 15:01:48,2016-08-05 15:01:56,CLOSED,Tiller iPAD,0,1.2,1.2,15:01:48,Lunch,2016-05-17 08:53:49,75010,FR,EUR
19702583,1513,2464.0,424.0,2018-01-20 19:21:43,2018-01-20 21:13:48,CLOSED,Tiller iPAD,2,49.8,49.8,19:21:43,Dinner,2016-03-15 17:34:25,75015,FR,EUR
5706814,1513,2464.0,424.0,2017-02-13 21:01:36,2017-02-13 21:18:35,CLOSED,Tiller iPAD,2,61.4,61.4,21:01:36,Dinner,2016-03-15 17:34:25,75015,FR,EUR
8253310,1513,2464.0,424.0,2017-05-11 19:37:45,2017-05-11 20:23:05,CLOSED,Tiller iPAD,2,32.0,32.0,19:37:45,Dinner,2016-03-15 17:34:25,75015,FR,EUR
57304068,1513,2464.0,424.0,2019-01-26 19:04:02,2019-01-26 19:26:38,CLOSED,Tiller iPAD,2,44.0,44.0,19:04:02,Dinner,2016-03-15 17:34:25,75015,FR,EUR
58370500,1513,2464.0,424.0,2019-02-04 19:57:49,2019-02-04 20:34:25,CLOSED,Tiller iPAD,2,37.8,37.8,19:57:49,Dinner,2016-03-15 17:34:25,75015,FR,EUR
2266701,1513,2464.0,424.0,2016-08-05 20:24:49,2016-08-05 21:36:04,CLOSED,Tiller iPAD,2,42.0,42.0,20:24:49,Dinner,2016-03-15 17:34:25,75015,FR,EUR
20123019,1513,2464.0,424.0,2018-01-27 11:55:15,2018-01-27 12:47:56,CLOSED,Tiller iPAD,5,89.5,89.5,11:55:15,Breakfast,2016-03-15 17:34:25,75015,FR,EUR
63774164,1513,2464.0,424.0,2019-03-15 21:15:23,2019-03-15 22:58:52,CLOSED,Tiller iPAD,6,124.75,124.75,21:15:23,Dinner,2016-03-15 17:34:25,75015,FR,EUR
114950193,1513,2464.0,424.0,2020-01-26 12:11:23,2020-01-26 18:52:09,CLOSED,Tiller iPAD,2,19.35,19.35,12:11:23,Lunch,2016-03-15 17:34:25,75015,FR,EUR
5358143,1513,2464.0,424.0,2017-01-29 20:53:56,2017-01-29 21:27:17,CLOSED,Tiller iPAD,2,42.7,42.7,20:53:56,Dinner,2016-03-15 17:34:25,75015,FR,EUR
10334063,1513,2464.0,424.0,2017-07-03 20:57:08,2017-07-03 20:59:28,CLOSED,Tiller iPAD,2,27.9,27.9,20:57:08,Dinner,2016-03-15 17:34:25,75015,FR,EUR
10450488,1513,2464.0,424.0,2017-07-06 11:20:52,2017-07-06 11:39:08,CLOSED,Tiller iPAD,2,24.5,24.5,11:20:52,Breakfast,2016-03-15 17:34:25,75015,FR,EUR
57954922,1513,2464.0,424.0,2019-02-01 12:34:32,2019-02-01 13:16:06,CLOSED,Tiller iPAD,2,68.0,68.0,12:34:32,Lunch,2016-03-15 17:34:25,75015,FR,EUR
58271953,1513,2464.0,424.0,2019-02-03 20:28:29,2019-02-03 21:42:22,CLOSED,Tiller iPAD,2,39.8,39.8,20:28:29,Dinner,2016-03-15 17:34:25,75015,FR,EUR
79819159,1513,2464.0,424.0,2019-06-28 19:25:34,2019-06-28 21:44:58,CLOSED,Tiller iPAD,2,52.0,52.0,19:25:34,Dinner,2016-03-15 17:34:25,75015,FR,EUR
19713364,1513,2464.0,424.0,2018-01-20 21:34:18,2018-01-20 21:52:43,CLOSED,Tiller iPAD,2,43.5,43.5,21:34:18,Dinner,2016-03-15 17:34:25,75015,FR,EUR
8794718,1513,2464.0,424.0,2017-05-25 19:38:58,2017-05-25 20:08:07,CLOSED,Tiller iPAD,2,50.0,50.0,19:38:58,Dinner,2016-03-15 17:34:25,75015,FR,EUR
8813578,1513,2464.0,424.0,2017-05-26 11:23:41,2017-05-26 11:26:01,CLOSED,Tiller iPAD,2,28.5,28.5,11:23:41,Breakfast,2016-03-15 17:34:25,75015,FR,EUR
9731161,1513,2464.0,424.0,2017-06-18 20:34:00,2017-06-18 21:07:33,CLOSED,Tiller iPAD,4,100.0,100.0,20:34:00,Dinner,2016-03-15 17:34:25,75015,FR,EUR
58009018,1513,2464.0,424.0,2019-02-01 18:37:11,2019-02-01 20:31:41,CLOSED,Tiller iPAD,1,62.0,62.0,18:37:11,Dinner,2016-03-15 17:34:25,75015,FR,EUR
66105144,1513,2464.0,424.0,2019-03-31 19:30:40,2019-03-31 20:52:00,CLOSED,Tiller iPAD,7,196.5,196.5,19:30:40,Dinner,2016-03-15 17:34:25,75015,FR,EUR
9982129,1513,2464.0,424.0,2017-06-24 19:31:25,2017-06-24 21:13:31,CLOSED,Tiller iPAD,2,57.5,57.5,19:31:25,Dinner,2016-03-15 17:34:25,75015,FR,EUR
10986838,1513,2464.0,424.0,2017-07-18 19:38:26,2017-07-18 19:42:16,CLOSED,Tiller iPAD,2,56.8,56.8,19:38:26,Dinner,2016-03-15 17:34:25,75015,FR,EUR
11637768,1513,2464.0,424.0,2017-08-03 11:08:15,2017-08-03 11:11:16,CLOSED,Tiller iPAD,2,23.85,23.85,11:08:15,Breakfast,2016-03-15 17:34:25,75015,FR,EUR
51939499,1513,2464.0,424.0,2018-12-09 20:20:50,2018-12-09 20:51:58,CLOSED,Tiller iPAD,2,33.75,33.75,20:20:50,Dinner,2016-03-15 17:34:25,75015,FR,EUR
3569902,1513,2464.0,424.0,2016-10-30 20:43:04,2016-10-30 21:01:48,CLOSED,Tiller iPAD,6,118.2,118.2,20:43:04,Dinner,2016-03-15 17:34:25,75015,FR,EUR
3908287,1513,2464.0,424.0,2016-11-19 12:37:38,2016-11-19 13:35:54,CLOSED,Tiller iPAD,2,37.6,37.6,12:37:38,Lunch,2016-03-15 17:34:25,75015,FR,EUR
22698708,1513,2464.0,424.0,2018-03-05 20:52:12,2018-03-05 21:15:40,CLOSED,Tiller iPAD,2,83.5,83.5,20:52:12,Dinner,2016-03-15 17:34:25,75015,FR,EUR
23134167,1513,2464.0,424.0,2018-03-10 20:28:46,2018-03-10 20:38:32,CLOSED,Tiller iPAD,2,18.9,18.9,20:28:46,Dinner,2016-03-15 17:34:25,75015,FR,EUR
5907532,1513,2464.0,424.0,2017-02-21 21:09:43,2017-02-21 21:37:06,CLOSED,Tiller iPAD,0,23.85,23.85,21:09:43,Dinner,2016-03-15 17:34:25,75015,FR,EUR
119284518,1513,2464.0,424.0,2020-02-19 18:50:03,2020-02-19 22:23:34,CLOSED,Tiller iPAD,2,47.0,47.0,18:50:03,Dinner,2016-03-15 17:34:25,75015,FR,EUR
8183816,1513,2464.0,424.0,2017-05-09 19:13:16,2017-05-09 20:11:43,CLOSED,Tiller iPAD,2,27.3,27.3,19:13:16,Dinner,2016-03-15 17:34:25,75015,FR,EUR
9096367,1513,2464.0,424.0,2017-06-02 18:15:43,2017-06-02 19:14:21,CLOSED,Tiller iPAD,2,60.5,60.5,18:15:43,Dinner,2016-03-15 17:34:25,75015,FR,EUR
21095736,1513,2464.0,424.0,2018-02-10 20:15:32,2018-02-10 20:39:14,CLOSED,Tiller iPAD,2,62.0,62.0,20:15:32,Dinner,2016-03-15 17:34:25,75015,FR,EUR
82236482,1513,2464.0,424.0,2019-07-12 17:24:05,2019-07-12 21:30:22,CLOSED,Tiller iPAD,2,26.0,26.0,17:24:05,Lunch,2016-03-15 17:34:25,75015,FR,EUR
24989248,1513,2464.0,424.0,2018-04-02 17:37:03,2018-04-02 20:03:21,CLOSED,Tiller iPAD,2,45.0,45.0,17:37:03,Lunch,2016-03-15 17:34:25,75015,FR,EUR
137767634,1513,2464.0,25379.0,2020-08-15 19:57:13,2020-08-15 21:35:20,CLOSED,Tiller order,2,106.8,106.8,19:57:13,Dinner,2016-03-15 17:34:25,75015,FR,EUR
26377637,1513,2464.0,424.0,2018-04-17 19:59:56,2018-04-17 21:04:05,CLOSED,Tiller iPAD,4,170.55,170.55,19:59:56,Dinner,2016-03-15 17:34:25,75015,FR,EUR
122432275,1513,2464.0,424.0,2020-03-07 19:19:15,2020-03-07 21:54:44,CLOSED,Tiller iPAD,2,45.5,45.5,19:19:15,Dinner,2016-03-15 17:34:25,75015,FR,EUR
145443200,1513,2464.0,25379.0,2020-10-04 11:11:50,2020-10-04 19:49:19,CLOSED,Tiller order,4,83.1,83.1,11:11:50,Breakfast,2016-03-15 17:34:25,75015,FR,EUR
49245535,1513,2464.0,424.0,2018-11-16 20:38:32,2018-11-16 22:15:20,CLOSED,Tiller iPAD,2,30.9,30.9,20:38:32,Dinner,2016-03-15 17:34:25,75015,FR,EUR
4167959,1513,2464.0,424.0,2016-12-02 17:23:14,2016-12-02 18:53:14,CLOSED,Tiller iPAD,1,67.5,67.5,17:23:14,Lunch,2016-03-15 17:34:25,75015,FR,EUR
120221091,1513,2464.0,424.0,2020-02-24 19:14:10,2020-02-24 22:32:55,CLOSED,Tiller iPAD,2,64.0,64.0,19:14:10,Dinner,2016-03-15 17:34:25,75015,FR,EUR
106501013,1513,2464.0,424.0,2019-12-03 20:28:29,2019-12-03 21:51:17,CLOSED,Tiller iPAD,6,80.25,80.25,20:28:29,Dinner,2016-03-15 17:34:25,75015,FR,EUR
2706977,1513,2464.0,424.0,2016-09-11 10:56:57,2016-09-11 12:34:59,CLOSED,Tiller iPAD,2,34.7,34.7,10:56:57,Breakfast,2016-03-15 17:34:25,75015,FR,EUR
6039844,1513,2464.0,424.0,2017-02-26 19:35:17,2017-02-26 20:16:50,CLOSED,Tiller iPAD,0,43.0,43.0,19:35:17,Dinner,2016-03-15 17:34:25,75015,FR,EUR
120971398,1513,2464.0,424.0,2020-02-28 19:24:09,2020-02-28 22:36:02,CLOSED,Tiller iPAD,3,67.8,67.8,19:24:09,Dinner,2016-03-15 17:34:25,75015,FR,EUR
2167531,1513,2464.0,424.0,2016-07-28 10:47:38,2016-07-28 12:30:40,CLOSED,Tiller iPAD,2,23.25,23.25,10:47:38,Breakfast,2016-03-15 17:34:25,75015,FR,EUR
19805484,1513,2464.0,424.0,2018-01-22 20:35:41,2018-01-22 21:43:00,CLOSED,Tiller iPAD,2,43.2,43.2,20:35:41,Dinner,2016-03-15 17:34:25,75015,FR,EUR
95904308,6827,14302.0,13022.0,2019-10-03 11:17:30,2019-10-03 11:20:04,CLOSED,Tiller iPAD,1,54.0,54.0,11:17:30,Breakfast,2018-05-11 10:08:10,75009,FR,EUR
134994431,6827,14302.0,13022.0,2020-07-27 20:00:12,2020-07-27 20:01:31,CLOSED,Tiller order,1,62.0,62.0,20:00:12,Dinner,2018-05-11 10:08:10,75009,FR,EUR
51139476,6827,14302.0,13022.0,2018-12-03 12:16:05,2018-12-03 12:58:50,CLOSED,Tiller iPAD,1,33.4,33.4,12:16:05,Lunch,2018-05-11 10:08:10,75009,FR,EUR
37402585,6827,14302.0,13022.0,2018-08-03 11:12:12,2018-08-03 11:12:40,CLOSED,Tiller iPAD,1,19.8,19.8,11:12:12,Breakfast,2018-05-11 10:08:10,75009,FR,EUR
96735689,6827,14302.0,13022.0,2019-10-07 19:51:19,2019-10-07 19:57:35,CLOSED,Tiller iPAD,1,74.0,74.0,19:51:19,Dinner,2018-05-11 10:08:10,75009,FR,EUR
86236850,6827,14302.0,13022.0,2019-08-05 19:40:41,2019-08-05 20:20:45,CLOSED,Tiller iPAD,1,120.0,120.0,19:40:41,Dinner,2018-05-11 10:08:10,75009,FR,EUR
64289665,6827,17052.0,13022.0,2019-03-19 19:42:50,2019-03-19 19:50:27,CLOSED,Tiller iPAD,1,9.8,9.8,19:42:50,Dinner,2018-05-11 10:08:10,75009,FR,EUR
39266140,6827,14302.0,13022.0,2018-08-24 10:17:03,2018-08-24 10:17:36,CLOSED,Tiller iPAD,1,10.9,10.9,10:17:03,Breakfast,2018-05-11 10:08:10,75009,FR,EUR
41541535,6827,14302.0,13022.0,2018-09-13 12:24:33,2018-09-13 12:48:16,CLOSED,Tiller iPAD,1,15.5,15.5,12:24:33,Lunch,2018-05-11 10:08:10,75009,FR,EUR
71854030,6827,14302.0,13022.0,2019-05-10 11:18:56,2019-05-10 11:24:40,CLOSED,Tiller iPAD,1,128.7,128.7,11:18:56,Breakfast,2018-05-11 10:08:10,75009,FR,EUR
58925541,6827,14302.0,13022.0,2019-02-08 18:54:57,2019-02-08 19:29:09,CLOSED,Tiller iPAD,1,76.0,76.0,18:54:57,Dinner,2018-05-11 10:08:10,75009,FR,EUR
133264514,6827,14302.0,13022.0,2020-07-17 11:15:15,2020-07-17 11:16:07,CLOSED,Tiller order,1,18.5,18.5,11:15:15,Breakfast,2018-05-11 10:08:10,75009,FR,EUR
116545446,6827,14302.0,13022.0,2020-02-04 19:34:16,2020-02-04 19:35:07,CLOSED,Tiller iPAD,1,56.0,56.0,19:34:16,Dinner,2018-05-11 10:08:10,75009,FR,EUR
40656705,6827,14302.0,13022.0,2018-09-06 10:49:15,2018-09-06 10:50:05,CLOSED,Tiller iPAD,1,10.9,10.9,10:49:15,Breakfast,2018-05-11 10:08:10,75009,FR,EUR
41754862,6827,14302.0,13022.0,2018-09-14 21:17:28,2018-09-14 21:18:39,CLOSED,Tiller iPAD,1,34.5,34.5,21:17:28,Dinner,2018-05-11 10:08:10,75009,FR,EUR
131890121,6827,14302.0,13022.0,2020-07-08 20:47:21,2020-07-08 20:49:21,CLOSED,Tiller order,1,339.0,339.0,20:47:21,Dinner,2018-05-11 10:08:10,75009,FR,EUR
80559627,6827,14302.0,13022.0,2019-07-03 12:21:58,2019-07-03 12:23:03,CLOSED,Tiller iPAD,1,20.4,20.4,12:21:58,Lunch,2018-05-11 10:08:10,75009,FR,EUR
55912783,6827,17052.0,13022.0,2019-01-15 19:49:38,2019-01-15 20:22:39,CLOSED,Tiller iPAD,1,29.0,29.0,19:49:38,Dinner,2018-05-11 10:08:10,75009,FR,EUR
84679175,6827,14302.0,13022.0,2019-07-26 21:35:39,2019-07-26 21:39:41,CLOSED,Tiller iPAD,1,90.5,90.5,21:35:39,Dinner,2018-05-11 10:08:10,75009,FR,EUR
101166476,6827,14302.0,13022.0,2019-11-01 21:36:52,2019-11-01 21:47:05,CLOSED,Tiller iPAD,1,182.5,182.5,21:36:52,Dinner,2018-05-11 10:08:10,75009,FR,EUR
142677388,6827,14302.0,13022.0,2020-09-16 20:39:53,2020-09-16 20:47:08,CLOSED,Tiller order,1,312.0,312.0,20:39:53,Dinner,2018-05-11 10:08:10,75009,FR,EUR
99300194,6827,14302.0,13022.0,2019-10-22 11:57:27,2019-10-22 11:59:37,CLOSED,Tiller iPAD,1,41.0,41.0,11:57:27,Breakfast,2018-05-11 10:08:10,75009,FR,EUR
68346797,6827,14302.0,13022.0,2019-04-15 20:39:24,2019-04-15 20:57:25,CLOSED,Tiller iPAD,1,40.0,40.0,20:39:24,Dinner,2018-05-11 10:08:10,75009,FR,EUR
120223321,6827,14302.0,13022.0,2020-02-24 19:35:19,2020-02-24 19:37:49,CLOSED,Tiller iPAD,1,42.5,42.5,19:35:19,Dinner,2018-05-11 10:08:10,75009,FR,EUR
43417221,6827,14302.0,13022.0,2018-09-28 13:37:44,2018-09-28 19:38:57,CLOSED,Tiller iPAD,1,52.5,52.5,13:37:44,Lunch,2018-05-11 10:08:10,75009,FR,EUR
43859055,6827,14302.0,13022.0,2018-10-02 18:11:08,2018-10-02 18:11:49,CLOSED,Tiller iPAD,1,20.5,20.5,18:11:08,Dinner,2018-05-11 10:08:10,75009,FR,EUR
131697447,6827,14302.0,13022.0,2020-07-07 19:27:46,2020-07-07 19:28:34,CLOSED,Tiller order,1,32.0,32.0,19:27:46,Dinner,2018-05-11 10:08:10,75009,FR,EUR
80458248,6827,14302.0,13022.0,2019-07-02 19:52:42,2019-07-02 20:58:47,CLOSED,Tiller iPAD,1,58.0,58.0,19:52:42,Dinner,2018-05-11 10:08:10,75009,FR,EUR
96736113,6827,14302.0,13022.0,2019-10-07 19:57:35,2019-10-07 20:37:40,CLOSED,Tiller iPAD,1,127.17,127.17,19:57:35,Dinner,2018-05-11 10:08:10,75009,FR,EUR
39076235,6827,14302.0,13022.0,2018-08-22 11:59:04,2018-08-22 12:00:10,CLOSED,Tiller iPAD,1,12.9,12.9,11:59:04,Breakfast,2018-05-11 10:08:10,75009,FR,EUR
68575886,6827,14302.0,13022.0,2019-04-17 11:41:49,2019-04-17 11:55:06,CLOSED,Tiller iPAD,1,55.7,55.7,11:41:49,Breakfast,2018-05-11 10:08:10,75009,FR,EUR
85952156,6827,14302.0,13022.0,2019-08-03 17:58:15,2019-08-03 18:35:25,CLOSED,Tiller iPAD,1,49.0,49.0,17:58:15,Lunch,2018-05-11 10:08:10,75009,FR,EUR
122689194,6827,14302.0,13022.0,2020-03-09 13:56:28,2020-03-09 14:04:11,CLOSED,Tiller iPAD,1,55.0,55.0,13:56:28,Lunch,2018-05-11 10:08:10,75009,FR,EUR
79997454,6827,14302.0,13022.0,2019-06-29 19:19:53,2019-06-29 19:24:01,CLOSED,Tiller iPAD,1,62.5,62.5,19:19:53,Dinner,2018-05-11 10:08:10,75009,FR,EUR
35519887,6827,12873.0,13022.0,2018-07-17 10:13:08,2018-07-17 10:14:43,CLOSED,Tiller iPAD,1,9.9,9.9,10:13:08,Breakfast,2018-05-11 10:08:10,75009,FR,EUR
36422104,6827,14302.0,13022.0,2018-07-25 10:51:18,2018-07-25 10:52:43,CLOSED,Tiller iPAD,1,12.9,12.9,10:51:18,Breakfast,2018-05-11 10:08:10,75009,FR,EUR
98939997,6827,14302.0,13022.0,2019-10-19 19:40:31,2019-10-19 22:07:06,CLOSED,Tiller iPAD,1,160.0,160.0,19:40:31,Dinner,2018-05-11 10:08:10,75009,FR,EUR
122140654,6827,14302.0,13022.0,2020-03-06 13:50:59,2020-03-06 13:59:41,CLOSED,Tiller iPAD,1,53.0,53.0,13:50:59,Lunch,2018-05-11 10:08:10,75009,FR,EUR
116809583,5210,9270.0,9251.0,2020-02-06 11:41:58,2020-02-06 13:26:08,CLOSED,Tiller iPAD,2,51.6,51.6,11:41:58,Breakfast,2017-11-29 17:31:49,75020,FR,EUR
41456073,5210,9137.0,9251.0,2018-09-12 18:51:28,2018-09-12 22:18:28,CLOSED,Tiller iPAD,2,59.8,59.8,18:51:28,Dinner,2017-11-29 17:31:49,75020,FR,EUR
85324628,5210,9270.0,9251.0,2019-07-31 10:47:07,2019-07-31 11:28:35,CLOSED,Tiller iPAD,2,28.0,28.0,10:47:07,Breakfast,2017-11-29 17:31:49,75020,FR,EUR
85766140,5210,9270.0,9251.0,2019-08-02 17:18:56,2019-08-02 18:56:59,CLOSED,Tiller iPAD,2,27.4,27.4,17:18:56,Lunch,2017-11-29 17:31:49,75020,FR,EUR
88931368,5210,9270.0,9251.0,2019-08-24 18:07:10,2019-08-24 20:02:14,CLOSED,Tiller iPAD,2,74.9,74.9,18:07:10,Dinner,2017-11-29 17:31:49,75020,FR,EUR
49093870,5210,9270.0,9251.0,2018-11-15 19:42:54,2018-11-15 22:17:53,CLOSED,Tiller iPAD,3,83.0,83.0,19:42:54,Dinner,2017-11-29 17:31:49,75020,FR,EUR
96647319,5210,9270.0,9251.0,2019-10-07 11:08:31,2019-10-07 12:54:43,CLOSED,Tiller iPAD,2,32.6,32.6,11:08:31,Breakfast,2017-11-29 17:31:49,75020,FR,EUR
64331922,5210,9270.0,9251.0,2019-03-20 11:04:28,2019-03-20 12:18:45,CLOSED,Tiller iPAD,4,79.1,79.1,11:04:28,Breakfast,2017-11-29 17:31:49,75020,FR,EUR
65602219,5210,9270.0,9251.0,2019-03-28 19:41:48,2019-03-28 21:18:30,CLOSED,Tiller iPAD,2,102.0,102.0,19:41:48,Dinner,2017-11-29 17:31:49,75020,FR,EUR
40035480,5210,9137.0,9251.0,2018-08-31 17:30:32,2018-08-31 21:24:24,CLOSED,Tiller iPAD,2,50.5,50.5,17:30:32,Lunch,2017-11-29 17:31:49,75020,FR,EUR
26407254,5210,9137.0,9251.0,2018-04-18 10:27:23,2018-04-18 11:13:04,CLOSED,Tiller iPAD,3,42.0,42.0,10:27:23,Breakfast,2017-11-29 17:31:49,75020,FR,EUR
27115530,5210,9270.0,9251.0,2018-04-25 17:23:24,2018-04-26 09:40:26,CLOSED,Tiller iPAD,2,60.1,60.1,17:23:24,Lunch,2017-11-29 17:31:49,75020,FR,EUR
112426857,5210,9270.0,9251.0,2020-01-11 18:14:23,2020-01-11 22:05:17,CLOSED,Tiller iPAD,2,68.5,68.5,18:14:23,Dinner,2017-11-29 17:31:49,75020,FR,EUR
112889394,5210,9137.0,9251.0,2020-01-14 18:51:00,2020-01-14 21:41:52,CLOSED,Tiller iPAD,3,72.1,72.1,18:51:00,Dinner,2017-11-29 17:31:49,75020,FR,EUR
79441457,5210,9137.0,9251.0,2019-06-26 19:20:38,2019-06-26 21:00:50,CLOSED,Tiller iPAD,4,101.5,101.5,19:20:38,Dinner,2017-11-29 17:31:49,75020,FR,EUR
41278539,5210,9137.0,9251.0,2018-09-11 11:29:50,2018-09-11 12:33:56,CLOSED,Tiller iPAD,2,40.1,40.1,11:29:50,Breakfast,2017-11-29 17:31:49,75020,FR,EUR
26022157,5210,9137.0,9251.0,2018-04-13 20:04:45,2018-04-14 10:34:02,CLOSED,Tiller iPAD,2,54.0,54.0,20:04:45,Dinner,2017-11-29 17:31:49,75020,FR,EUR
80518417,5210,9270.0,9251.0,2019-07-03 10:35:13,2019-07-03 11:57:59,CLOSED,Tiller iPAD,2,37.6,37.6,10:35:13,Breakfast,2017-11-29 17:31:49,75020,FR,EUR
81588806,5210,9137.0,9251.0,2019-07-09 11:01:14,2019-07-09 13:25:57,CLOSED,Tiller iPAD,5,125.8,125.8,11:01:14,Breakfast,2017-11-29 17:31:49,75020,FR,EUR
83456583,5210,9270.0,9251.0,2019-07-19 17:02:53,2019-07-19 19:40:48,CLOSED,Tiller iPAD,5,154.4,154.4,17:02:53,Lunch,2017-11-29 17:31:49,75020,FR,EUR
40560015,5210,9137.0,9251.0,2018-09-05 12:31:34,2018-09-05 13:44:24,CLOSED,Tiller iPAD,2,32.0,32.0,12:31:34,Lunch,2017-11-29 17:31:49,75020,FR,EUR
57306439,5210,9270.0,9251.0,2019-01-26 19:16:38,2019-01-26 20:32:00,CLOSED,Tiller iPAD,3,109.0,109.0,19:16:38,Dinner,2017-11-29 17:31:49,75020,FR,EUR
142957246,5210,9270.0,9251.0,2020-09-18 12:05:03,2020-09-18 12:19:50,CLOSED,Tiller order,1,24.3,24.3,12:05:03,Lunch,2017-11-29 17:31:49,75020,FR,EUR
49853728,5210,9270.0,9251.0,2018-11-22 13:27:15,2018-11-22 15:00:11,CLOSED,Tiller iPAD,2,50.9,50.9,13:27:15,Lunch,2017-11-29 17:31:49,75020,FR,EUR
25213652,5210,9270.0,9251.0,2018-04-05 12:25:18,2018-04-05 13:40:32,CLOSED,Tiller iPAD,2,39.7,39.7,12:25:18,Lunch,2017-11-29 17:31:49,75020,FR,EUR
140639591,5210,9270.0,9251.0,2020-09-04 17:49:26,2020-09-04 19:01:02,CLOSED,Tiller order,4,80.1,80.1,17:49:26,Lunch,2017-11-29 17:31:49,75020,FR,EUR
88683429,5210,9270.0,9251.0,2019-08-23 10:37:01,2019-08-23 11:54:52,CLOSED,Tiller iPAD,2,65.8,65.8,10:37:01,Breakfast,2017-11-29 17:31:49,75020,FR,EUR
24627967,4803,8257.0,8270.0,2018-03-29 11:10:30,2018-03-29 11:54:59,CLOSED,Tiller iPAD,1,25.0,25.0,11:10:30,Breakfast,2017-10-04 13:56:31,75002,FR,EUR
112805625,4803,8257.0,8270.0,2020-01-14 11:44:23,2020-01-14 11:44:33,CLOSED,Tiller order,2,22.0,22.0,11:44:23,Breakfast,2017-10-04 13:56:31,75002,FR,EUR
71690185,4803,8303.0,8270.0,2019-05-09 10:54:14,2019-05-09 11:52:46,CLOSED,Tiller iPAD,2,29.0,29.0,10:54:14,Breakfast,2017-10-04 13:56:31,75002,FR,EUR
79631963,4803,8257.0,8270.0,2019-06-27 20:04:54,2019-06-27 21:23:42,CLOSED,Tiller iPAD,1,34.0,34.0,20:04:54,Dinner,2017-10-04 13:56:31,75002,FR,EUR
20904441,4803,8257.0,8270.0,2018-02-08 13:32:06,2018-02-08 14:13:53,IN_PROGRESS,Tiller iPAD,2,33.0,31.0,13:32:06,Lunch,2017-10-04 13:56:31,75002,FR,EUR
81436329,4803,8257.0,8270.0,2019-07-08 11:01:09,2019-07-08 11:02:02,CLOSED,Tiller iPAD,1,15.5,15.5,11:01:09,Breakfast,2017-10-04 13:56:31,75002,FR,EUR
115225541,4803,8257.0,8270.0,2020-01-28 12:21:24,2020-01-28 12:49:35,CLOSED,Tiller order,2,26.0,26.0,12:21:24,Lunch,2017-10-04 13:56:31,75002,FR,EUR
55383601,4803,8257.0,8270.0,2019-01-11 12:03:49,2019-01-11 12:07:39,CLOSED,Tiller iPAD,1,33.0,33.0,12:03:49,Lunch,2017-10-04 13:56:31,75002,FR,EUR
44172217,4803,8257.0,8270.0,2018-10-05 10:25:12,2018-10-05 11:13:32,CLOSED,Tiller iPAD,2,25.0,25.0,10:25:12,Breakfast,2017-10-04 13:56:31,75002,FR,EUR
65498466,4803,8257.0,8270.0,2019-03-28 11:14:24,2019-03-28 11:15:44,CLOSED,Tiller iPAD,1,15.5,15.5,11:14:24,Breakfast,2017-10-04 13:56:31,75002,FR,EUR
66296034,4803,8257.0,8270.0,2019-04-02 11:32:29,2019-04-02 12:29:53,CLOSED,Tiller iPAD,2,30.5,30.5,11:32:29,Breakfast,2017-10-04 13:56:31,75002,FR,EUR
65356228,4803,8257.0,8270.0,2019-03-27 11:30:32,2019-03-27 12:33:54,CLOSED,Tiller iPAD,2,27.5,27.5,11:30:32,Breakfast,2017-10-04 13:56:31,75002,FR,EUR
119580249,4803,8257.0,8270.0,2020-02-21 11:49:48,2020-02-21 11:50:43,CLOSED,Tiller order,2,25.0,25.0,11:49:48,Breakfast,2017-10-04 13:56:31,75002,FR,EUR
54648483,5498,10627.0,10214.0,2019-01-04 18:49:09,2019-01-04 21:12:46,CLOSED,Tiller iPAD,3,141.0,141.0,18:49:09,Dinner,2017-12-29 16:14:24,75009,FR,EUR
99934516,5498,10627.0,10214.0,2019-10-25 18:30:28,2019-10-25 20:05:45,CLOSED,Tiller order,2,81.0,81.0,18:30:28,Dinner,2017-12-29 16:14:24,75009,FR,EUR
28800142,5498,9665.0,10214.0,2018-05-14 19:17:25,2018-05-14 20:20:04,CLOSED,Tiller iPAD,2,85.5,85.5,19:17:25,Dinner,2017-12-29 16:14:24,75009,FR,EUR
34868608,5498,9665.0,10214.0,2018-07-11 13:21:42,2018-07-11 13:22:04,CLOSED,Tiller iPAD,2,45.0,45.0,13:21:42,Lunch,2017-12-29 16:14:24,75009,FR,EUR
64927061,5498,9665.0,10214.0,2019-03-23 19:16:47,2019-03-23 19:45:06,CLOSED,Tiller iPAD,1,27.5,27.5,19:16:47,Dinner,2017-12-29 16:14:24,75009,FR,EUR
37554673,5498,10627.0,10214.0,2018-08-04 18:10:12,2018-08-04 18:22:16,CLOSED,Tiller iPAD,2,75.0,75.0,18:10:12,Dinner,2017-12-29 16:14:24,75009,FR,EUR
35548908,5498,10627.0,10214.0,2018-07-17 11:55:58,2018-07-17 11:59:19,CLOSED,Tiller iPAD,3,81.0,81.0,11:55:58,Breakfast,2017-12-29 16:14:24,75009,FR,EUR
50998862,5498,10627.0,10214.0,2018-12-01 20:33:22,2018-12-01 21:59:49,CLOSED,Tiller iPAD,2,112.0,112.0,20:33:22,Dinner,2017-12-29 16:14:24,75009,FR,EUR
118954366,5498,10627.0,10214.0,2020-02-17 22:07:57,2020-02-17 22:09:42,CLOSED,Tiller order,2,127.0,127.0,22:07:57,Dinner,2017-12-29 16:14:24,75009,FR,EUR
71624953,5498,20061.0,10214.0,2019-05-08 18:28:27,2019-05-08 20:20:02,CLOSED,Tiller iPAD,2,60.0,60.0,18:28:27,Dinner,2017-12-29 16:14:24,75009,FR,EUR
36386415,5498,10628.0,10214.0,2018-07-24 22:16:55,2018-07-24 22:18:28,CLOSED,Tiller iPAD,1,44.0,44.0,22:16:55,Dinner,2017-12-29 16:14:24,75009,FR,EUR
136092235,5498,10628.0,10214.0,2020-08-04 06:30:47,2020-08-04 06:31:11,CLOSED,Tiller order,2,68.0,68.0,06:30:47,Breakfast,2017-12-29 16:14:24,75009,FR,EUR
72411224,5498,9665.0,10214.0,2019-05-14 10:57:30,2019-05-14 12:58:53,CLOSED,Tiller iPAD,2,58.7,58.7,10:57:30,Breakfast,2017-12-29 16:14:24,75009,FR,EUR
51176126,5498,9665.0,10214.0,2018-12-03 18:16:00,2018-12-03 21:08:51,CLOSED,Tiller iPAD,2,100.0,100.0,18:16:00,Dinner,2017-12-29 16:14:24,75009,FR,EUR
137136519,5498,10627.0,10214.0,2020-08-11 11:27:32,2020-08-11 11:27:36,CLOSED,Tiller order,2,36.0,36.0,11:27:32,Breakfast,2017-12-29 16:14:24,75009,FR,EUR
99519167,5498,20061.0,10214.0,2019-10-23 17:24:46,2019-10-23 20:20:09,CLOSED,Tiller order,2,84.0,84.0,17:24:46,Lunch,2017-12-29 16:14:24,75009,FR,EUR
121405613,5498,10628.0,10214.0,2020-03-02 12:07:19,2020-03-02 14:06:23,CLOSED,Tiller order,2,57.7,57.7,12:07:19,Lunch,2017-12-29 16:14:24,75009,FR,EUR
56878600,5498,10627.0,10214.0,2019-01-23 18:29:47,2019-01-23 20:16:30,CLOSED,Tiller iPAD,2,74.0,74.0,18:29:47,Dinner,2017-12-29 16:14:24,75009,FR,EUR
9265998,360,472.0,129.0,2017-06-07 18:08:53,2017-06-07 21:30:54,CLOSED,Tiller iPAD,2,132.0,132.0,18:08:53,Dinner,2015-07-29 06:54:50,75001,FR,EUR
81754825,360,472.0,129.0,2019-07-10 10:29:50,2019-07-10 12:08:52,CLOSED,Tiller iPAD,2,51.6,51.6,10:29:50,Breakfast,2015-07-29 06:54:50,75001,FR,EUR
121192806,360,472.0,129.0,2020-02-29 20:09:31,2020-02-29 22:33:00,CLOSED,Tiller iPAD,4,153.0,153.0,20:09:31,Dinner,2015-07-29 06:54:50,75001,FR,EUR
13833932,360,472.0,129.0,2017-09-26 11:45:14,2017-09-26 13:13:54,CLOSED,Tiller iPAD,5,98.0,98.0,11:45:14,Breakfast,2015-07-29 06:54:50,75001,FR,EUR
145023412,360,472.0,129.0,2020-10-01 18:24:01,2020-10-01 19:17:17,CLOSED,Tiller order,2,44.0,44.0,18:24:01,Dinner,2015-07-29 06:54:50,75001,FR,EUR
3495553,360,472.0,129.0,2016-10-27 10:13:48,2016-10-27 12:25:42,CLOSED,Tiller iPAD,3,94.9,94.9,10:13:48,Breakfast,2015-07-29 06:54:50,75001,FR,EUR
4105268,360,472.0,129.0,2016-11-29 21:37:01,2016-11-29 21:59:01,CLOSED,Tiller iPAD,1,34.0,34.0,21:37:01,Dinner,2015-07-29 06:54:50,75001,FR,EUR
123521069,360,472.0,129.0,2020-03-14 12:52:47,2020-03-14 14:02:42,CLOSED,Tiller iPAD,2,52.0,52.0,12:52:47,Lunch,2015-07-29 06:54:50,75001,FR,EUR
3921728,360,472.0,129.0,2016-11-19 21:23:28,2016-11-19 22:26:32,CLOSED,Tiller iPAD,2,48.8,48.8,21:23:28,Dinner,2015-07-29 06:54:50,75001,FR,EUR
58837290,360,472.0,129.0,2019-02-08 11:40:42,2019-02-08 13:28:33,CLOSED,Tiller iPAD,2,92.0,92.0,11:40:42,Breakfast,2015-07-29 06:54:50,75001,FR,EUR
105355370,360,472.0,129.0,2019-11-27 12:11:08,2019-11-27 12:55:17,CLOSED,Tiller iPAD,2,34.0,34.0,12:11:08,Lunch,2015-07-29 06:54:50,75001,FR,EUR
4031691,360,472.0,129.0,2016-11-25 19:49:04,2016-11-25 22:19:12,CLOSED,Tiller iPAD,7,202.0,202.0,19:49:04,Dinner,2015-07-29 06:54:50,75001,FR,EUR
53790773,360,472.0,129.0,2018-12-26 12:29:17,2018-12-26 13:09:47,CLOSED,Tiller iPAD,2,51.0,51.0,12:29:17,Lunch,2015-07-29 06:54:50,75001,FR,EUR
20854363,360,472.0,129.0,2018-02-07 18:54:44,2018-02-07 19:47:49,CLOSED,Tiller iPAD,2,90.0,90.0,18:54:44,Dinner,2015-07-29 06:54:50,75001,FR,EUR
2699976,360,472.0,129.0,2016-09-10 19:00:41,2016-09-10 20:19:52,CLOSED,Tiller iPAD,2,77.9,77.9,19:00:41,Dinner,2015-07-29 06:54:50,75001,FR,EUR
69644795,360,472.0,129.0,2019-04-24 19:16:41,2019-04-24 21:05:16,CLOSED,Tiller iPAD,6,185.4,185.4,19:16:41,Dinner,2015-07-29 06:54:50,75001,FR,EUR
12970628,360,472.0,129.0,2017-09-07 10:37:42,2017-09-07 11:28:22,CLOSED,Tiller iPAD,2,56.0,56.0,10:37:42,Breakfast,2015-07-29 06:54:50,75001,FR,EUR
3292707,360,472.0,129.0,2016-10-15 18:48:28,2016-10-15 19:47:31,CLOSED,Tiller iPAD,2,36.4,36.4,18:48:28,Dinner,2015-07-29 06:54:50,75001,FR,EUR
4694811,360,472.0,129.0,2016-12-28 19:16:19,2016-12-28 21:44:35,CLOSED,Tiller iPAD,6,125.4,125.4,19:16:19,Dinner,2015-07-29 06:54:50,75001,FR,EUR
119498470,360,472.0,129.0,2020-02-20 20:38:51,2020-02-20 21:51:20,CLOSED,Tiller iPAD,2,84.0,84.0,20:38:51,Dinner,2015-07-29 06:54:50,75001,FR,EUR
9885882,360,472.0,129.0,2017-06-22 18:42:53,2017-06-22 19:53:16,CLOSED,Tiller iPAD,3,155.0,155.0,18:42:53,Dinner,2015-07-29 06:54:50,75001,FR,EUR
112458941,360,472.0,129.0,2020-01-11 20:18:31,2020-01-11 21:29:56,CLOSED,Tiller iPAD,2,59.5,59.5,20:18:31,Dinner,2015-07-29 06:54:50,75001,FR,EUR
1744851,360,472.0,129.0,2016-06-25 17:58:47,2016-06-25 20:33:49,CLOSED,Tiller iPAD,5,144.6,144.6,17:58:47,Lunch,2015-07-29 06:54:50,75001,FR,EUR
20157524,360,472.0,129.0,2018-01-27 19:04:21,2018-01-27 21:07:00,CLOSED,Tiller iPAD,3,118.8,118.8,19:04:21,Dinner,2015-07-29 06:54:50,75001,FR,EUR
94864424,360,472.0,129.0,2019-09-27 13:24:23,2019-09-27 13:24:49,CLOSED,Tiller iPAD,1,35.0,35.0,13:24:23,Lunch,2015-07-29 06:54:50,75001,FR,EUR
144623311,4196,13318.0,6153.0,2020-09-29 10:46:55,2020-09-29 12:00:10,CLOSED,Tiller order,4,284.5,284.5,10:46:55,Breakfast,2017-05-19 15:44:32,75019,FR,EUR
133262666,4196,13318.0,6153.0,2020-07-17 11:10:46,2020-07-17 11:54:13,CLOSED,Tiller order,4,218.0,218.0,11:10:46,Breakfast,2017-05-19 15:44:32,75019,FR,EUR
134924600,4196,13318.0,6153.0,2020-07-27 11:17:58,2020-07-27 11:56:59,CLOSED,Tiller order,2,184.0,184.0,11:17:58,Breakfast,2017-05-19 15:44:32,75019,FR,EUR
96803677,4196,6693.0,6153.0,2019-10-08 10:36:51,2019-10-08 12:07:52,CLOSED,Tiller iPAD,2,156.5,156.5,10:36:51,Breakfast,2017-05-19 15:44:32,75019,FR,EUR
68822077,4196,6693.0,6153.0,2019-04-18 19:22:38,2019-04-18 19:25:06,CLOSED,Tiller iPAD,2,163.0,163.0,19:22:38,Dinner,2017-05-19 15:44:32,75019,FR,EUR
112668628,4196,13318.0,6153.0,2020-01-13 11:53:59,2020-01-13 12:45:23,CLOSED,Tiller order,2,100.0,100.0,11:53:59,Breakfast,2017-05-19 15:44:32,75019,FR,EUR
116529707,4196,13318.0,6153.0,2020-02-04 18:14:47,2020-02-04 21:28:39,CLOSED,Tiller order,3,345.5,345.5,18:14:47,Dinner,2017-05-19 15:44:32,75019,FR,EUR
66281304,4196,6693.0,6153.0,2019-04-02 10:54:31,2019-04-02 11:55:26,CLOSED,Tiller iPAD,3,181.5,181.5,10:54:31,Breakfast,2017-05-19 15:44:32,75019,FR,EUR
81507823,4196,6693.0,6153.0,2019-07-08 18:27:44,2019-07-08 19:43:22,CLOSED,Tiller iPAD,3,102.0,102.0,18:27:44,Dinner,2017-05-19 15:44:32,75019,FR,EUR
120993021,4196,13318.0,6153.0,2020-02-28 21:16:39,2020-02-28 21:24:02,CLOSED,Tiller order,2,118.0,118.0,21:16:39,Dinner,2017-05-19 15:44:32,75019,FR,EUR
122083764,4196,13318.0,6153.0,2020-03-06 11:26:58,2020-03-06 12:49:58,CLOSED,Tiller order,2,188.5,188.5,11:26:58,Breakfast,2017-05-19 15:44:32,75019,FR,EUR
104015640,4196,13318.0,6153.0,2019-11-19 12:49:04,2019-11-19 13:29:24,CLOSED,Tiller order,2,86.5,86.5,12:49:04,Lunch,2017-05-19 15:44:32,75019,FR,EUR
104157645,4196,13318.0,6153.0,2019-11-20 11:52:59,2019-11-20 13:52:30,CLOSED,Tiller order,2,113.0,113.0,11:52:59,Breakfast,2017-05-19 15:44:32,75019,FR,EUR
121927021,4196,13318.0,6153.0,2020-03-05 12:53:31,2020-03-05 13:21:15,CLOSED,Tiller order,3,311.0,311.0,12:53:31,Lunch,2017-05-19 15:44:32,75019,FR,EUR
121932156,4196,13318.0,6153.0,2020-03-05 13:13:49,2020-03-05 14:08:26,CLOSED,Tiller order,2,73.5,73.5,13:13:49,Lunch,2017-05-19 15:44:32,75019,FR,EUR
95130064,5860,10411.0,10625.0,2019-09-28 17:13:08,2019-09-28 18:22:13,CLOSED,Tiller iPAD,2,57.5,57.5,17:13:08,Lunch,2018-01-29 08:52:26,75018,FR,EUR
96013806,5860,10411.0,10625.0,2019-10-03 20:23:07,2019-10-03 20:23:55,CLOSED,Tiller iPAD,2,60.0,60.0,20:23:07,Dinner,2018-01-29 08:52:26,75018,FR,EUR
80806778,5860,10411.0,10625.0,2019-07-04 17:51:27,2019-07-04 19:24:26,CLOSED,Tiller iPAD,3,98.0,98.0,17:51:27,Lunch,2018-01-29 08:52:26,75018,FR,EUR
98909552,5860,10411.0,10625.0,2019-10-19 17:46:12,2019-10-19 19:00:28,CLOSED,Tiller iPAD,2,74.5,74.5,17:46:12,Lunch,2018-01-29 08:52:26,75018,FR,EUR
118427515,5860,10411.0,10625.0,2020-02-14 19:45:34,2020-02-14 20:35:45,CLOSED,Tiller iPAD,2,144.0,144.0,19:45:34,Dinner,2018-01-29 08:52:26,75018,FR,EUR
51188330,5860,10411.0,10625.0,2018-12-03 22:09:04,2018-12-03 22:09:34,CLOSED,Tiller iPAD,2,84.5,84.5,22:09:04,Dinner,2018-01-29 08:52:26,75018,FR,EUR
99215491,5860,10411.0,10625.0,2019-10-21 21:31:02,2019-10-21 21:32:37,CLOSED,Tiller iPAD,2,84.0,84.0,21:31:02,Dinner,2018-01-29 08:52:26,75018,FR,EUR
68096507,5860,10411.0,10625.0,2019-04-13 19:52:54,2019-04-13 20:35:10,CLOSED,Tiller iPAD,6,291.0,291.0,19:52:54,Dinner,2018-01-29 08:52:26,75018,FR,EUR
35842688,5860,10411.0,10625.0,2018-07-19 19:20:58,2018-07-19 19:34:53,CLOSED,Tiller iPAD,2,75.5,75.5,19:20:58,Dinner,2018-01-29 08:52:26,75018,FR,EUR
65588262,5860,10411.0,10625.0,2019-03-28 18:40:21,2019-03-28 20:14:08,CLOSED,Tiller iPAD,2,136.5,136.5,18:40:21,Dinner,2018-01-29 08:52:26,75018,FR,EUR
118691558,5860,10411.0,10625.0,2020-02-15 22:51:50,2020-02-15 23:14:18,CLOSED,Tiller iPAD,2,29.0,29.0,22:51:50,Dinner,2018-01-29 08:52:26,75018,FR,EUR
40443585,4364,7225.0,6780.0,2018-09-04 12:04:11,2018-09-04 12:04:35,CLOSED,Tiller iPAD,2,41.0,41.0,12:04:11,Lunch,2017-06-27 12:27:31,75003,FR,EUR
21447877,4364,7225.0,6780.0,2018-02-15 21:53:29,2018-02-15 23:00:38,CLOSED,Tiller iPAD,2,95.0,95.0,21:53:29,Dinner,2017-06-27 12:27:31,75003,FR,EUR
100398526,4364,7185.0,6780.0,2019-10-28 12:54:31,2019-10-28 13:21:38,CLOSED,Tiller iPAD,1,38.0,38.0,12:54:31,Lunch,2017-06-27 12:27:31,75003,FR,EUR
67305476,4364,7225.0,6780.0,2019-04-09 08:27:07,2019-04-09 10:00:51,CLOSED,Tiller iPAD,1,1.5,1.5,08:27:07,Breakfast,2017-06-27 12:27:31,75003,FR,EUR
89744190,4364,7185.0,6780.0,2019-08-29 20:26:20,2019-08-29 20:47:08,CLOSED,Tiller iPAD,1,91.0,91.0,20:26:20,Dinner,2017-06-27 12:27:31,75003,FR,EUR
96240570,4364,7185.0,6780.0,2019-10-04 20:13:46,2019-10-04 20:46:26,CLOSED,Tiller iPAD,1,152.5,152.5,20:13:46,Dinner,2017-06-27 12:27:31,75003,FR,EUR
21837103,4364,7225.0,6780.0,2018-02-21 13:34:50,2018-02-21 13:36:12,CLOSED,Tiller iPAD,4,36.0,36.0,13:34:50,Lunch,2017-06-27 12:27:31,75003,FR,EUR
23466782,4364,7225.0,6780.0,2018-03-15 12:12:45,2018-03-15 12:19:30,CLOSED,Tiller iPAD,4,52.0,52.0,12:12:45,Lunch,2017-06-27 12:27:31,75003,FR,EUR
44070304,4364,7225.0,6780.0,2018-10-04 12:39:14,2018-10-04 12:39:59,CLOSED,Tiller iPAD,4,61.0,61.0,12:39:14,Lunch,2017-06-27 12:27:31,75003,FR,EUR
97009881,4364,7185.0,6780.0,2019-10-09 12:45:58,2019-10-09 13:08:14,CLOSED,Tiller iPAD,4,38.0,38.0,12:45:58,Lunch,2017-06-27 12:27:31,75003,FR,EUR
59287921,4364,7225.0,6780.0,2019-02-11 17:23:11,2019-02-11 17:25:38,CLOSED,Tiller iPAD,1,41.0,41.0,17:23:11,Lunch,2017-06-27 12:27:31,75003,FR,EUR
50659073,4364,7225.0,6780.0,2018-11-29 13:23:39,2018-11-29 13:34:20,CLOSED,Tiller iPAD,4,57.5,57.5,13:23:39,Lunch,2017-06-27 12:27:31,75003,FR,EUR
36678038,4364,7225.0,6780.0,2018-07-27 12:17:57,2018-07-27 12:21:21,CLOSED,Tiller iPAD,4,94.5,94.5,12:17:57,Lunch,2017-06-27 12:27:31,75003,FR,EUR
24550487,4364,7225.0,6780.0,2018-03-28 12:50:54,2018-03-28 13:05:37,CLOSED,Tiller iPAD,4,52.3,52.3,12:50:54,Lunch,2017-06-27 12:27:31,75003,FR,EUR
25382479,4364,7225.0,6780.0,2018-04-06 22:19:02,2018-04-06 22:43:40,CLOSED,Tiller iPAD,1,1128.4,1128.4,22:19:02,Dinner,2017-06-27 12:27:31,75003,FR,EUR
83966263,4364,7185.0,6780.0,2019-07-22 15:48:42,2019-07-23 09:39:54,CLOSED,Tiller iPAD,1,181.8,181.8,15:48:42,Lunch,2017-06-27 12:27:31,75003,FR,EUR
26554642,4364,7225.0,6780.0,2018-04-19 18:55:09,2018-04-19 20:29:08,CLOSED,Tiller iPAD,3,142.8,142.8,18:55:09,Dinner,2017-06-27 12:27:31,75003,FR,EUR
123364725,4364,7185.0,7011.0,2020-03-13 13:41:02,2020-03-13 13:42:46,CLOSED,Tiller order,1,133.0,133.0,13:41:02,Lunch,2017-06-27 12:27:31,75003,FR,EUR
142679807,7872,15756.0,15009.0,2020-09-16 21:19:12,2020-09-16 21:19:16,CLOSED,Tiller order,1,25.0,25.0,21:19:12,Dinner,2018-09-25 16:04:17,75005,FR,EUR
67419062,7872,16823.0,15009.0,2019-04-09 21:36:21,2019-04-09 21:36:54,CLOSED,Tiller iPAD,1,30.0,30.0,21:36:21,Dinner,2018-09-25 16:04:17,75005,FR,EUR
88964143,7872,16823.0,15009.0,2019-08-24 20:53:07,2019-08-24 20:53:26,CLOSED,Tiller iPAD,1,25.0,25.0,20:53:07,Dinner,2018-09-25 16:04:17,75005,FR,EUR
97051495,7872,16823.0,15009.0,2019-10-09 17:37:27,2019-10-09 17:37:35,CLOSED,Tiller iPAD,1,45.0,45.0,17:37:27,Lunch,2018-09-25 16:04:17,75005,FR,EUR
113439250,7872,16823.0,15009.0,2020-01-17 18:55:52,2020-01-17 18:55:58,CLOSED,Tiller iPAD,1,25.0,25.0,18:55:52,Dinner,2018-09-25 16:04:17,75005,FR,EUR
95632856,7872,16823.0,15009.0,2019-10-01 20:59:24,2019-10-01 21:00:02,CLOSED,Tiller iPAD,1,30.0,30.0,20:59:24,Dinner,2018-09-25 16:04:17,75005,FR,EUR
137754673,7872,15756.0,15009.0,2020-08-15 18:49:17,2020-08-15 18:49:30,CLOSED,Tiller order,1,50.0,50.0,18:49:17,Dinner,2018-09-25 16:04:17,75005,FR,EUR
86371443,7872,16823.0,15009.0,2019-08-06 19:10:37,2019-08-06 20:04:22,CLOSED,Tiller iPAD,1,55.0,55.0,19:10:37,Dinner,2018-09-25 16:04:17,75005,FR,EUR
78847539,5617,10977.0,10064.0,2019-06-22 20:36:58,2019-06-22 20:46:50,CLOSED,Tiller iPAD,1,29.0,29.0,20:36:58,Dinner,2018-01-09 16:01:41,75018,FR,EUR
70182708,5617,10977.0,10064.0,2019-04-28 03:37:39,2019-04-28 03:37:40,CLOSED,Tiller iPAD,1,30.0,30.0,03:37:39,Breakfast,2018-01-09 16:01:41,75018,FR,EUR
85814943,5617,11211.0,10064.0,2019-08-02 21:14:02,2019-08-02 21:18:48,CLOSED,Tiller iPAD,1,22.0,22.0,21:14:02,Dinner,2018-01-09 16:01:41,75018,FR,EUR
105882834,5617,10977.0,11020.0,2019-11-30 01:14:54,2019-11-30 01:16:54,CLOSED,Tiller iPAD,1,134.0,134.0,01:14:54,Breakfast,2018-01-09 16:01:41,75018,FR,EUR
123259251,5617,11211.0,11020.0,2020-03-12 20:50:35,2020-03-12 21:17:33,CLOSED,Tiller iPAD,1,53.0,53.0,20:50:35,Dinner,2018-01-09 16:01:41,75018,FR,EUR
117182378,5617,10977.0,10064.0,2020-02-07 23:15:02,2020-02-07 23:18:01,CLOSED,Tiller iPAD,1,36.0,36.0,23:15:02,Dinner,2018-01-09 16:01:41,75018,FR,EUR
112230108,5617,10977.0,10064.0,2020-01-10 17:51:56,2020-01-10 18:30:38,CLOSED,Tiller iPAD,1,15.5,15.5,17:51:56,Lunch,2018-01-09 16:01:41,75018,FR,EUR
50424187,7304,14172.0,13929.0,2018-11-27 13:44:50,2018-11-27 14:16:07,CLOSED,Tiller iPAD,4,60.7,60.7,13:44:50,Lunch,2018-07-08 15:21:37,75008,FR,EUR
95391441,7304,22355.0,13929.0,2019-09-30 11:22:45,2019-09-30 12:20:26,CLOSED,Tiller iPAD,2,44.7,44.7,11:22:45,Breakfast,2018-07-08 15:21:37,75008,FR,EUR
42016842,7304,14172.0,13929.0,2018-09-17 10:18:40,2018-09-17 12:52:33,CLOSED,Tiller iPAD,1,101.8,101.8,10:18:40,Breakfast,2018-07-08 15:21:37,75008,FR,EUR
106253772,7304,22355.0,13929.0,2019-12-02 11:41:46,2019-12-02 12:52:16,CLOSED,Tiller iPAD,2,51.2,51.2,11:41:46,Breakfast,2018-07-08 15:21:37,75008,FR,EUR
80201036,7304,14172.0,13929.0,2019-07-01 10:52:25,2019-07-01 11:31:52,CLOSED,Tiller iPAD,2,37.3,37.3,10:52:25,Breakfast,2018-07-08 15:21:37,75008,FR,EUR
64523573,7304,14172.0,13929.0,2019-03-21 12:57:34,2019-03-21 13:24:50,CLOSED,Tiller iPAD,2,24.9,24.9,12:57:34,Lunch,2018-07-08 15:21:37,75008,FR,EUR
122976833,7304,22355.0,13930.0,2020-03-11 12:10:54,2020-03-11 13:16:11,CLOSED,Tiller iPAD,2,55.2,55.2,12:10:54,Lunch,2018-07-08 15:21:37,75008,FR,EUR
120271994,7304,22355.0,13930.0,2020-02-25 10:54:28,2020-02-25 12:01:20,CLOSED,Tiller iPAD,3,68.8,68.8,10:54:28,Breakfast,2018-07-08 15:21:37,75008,FR,EUR
40416074,7304,14172.0,13929.0,2018-09-04 10:27:19,2018-09-04 10:59:55,CLOSED,Tiller iPAD,3,53.3,53.3,10:27:19,Breakfast,2018-07-08 15:21:37,75008,FR,EUR
89446917,7304,22355.0,13929.0,2019-08-28 11:15:01,2019-08-28 11:55:47,CLOSED,Tiller iPAD,2,40.4,40.4,11:15:01,Breakfast,2018-07-08 15:21:37,75008,FR,EUR
79029748,7304,14172.0,13929.0,2019-06-24 10:48:18,2019-06-24 12:03:03,CLOSED,Tiller iPAD,3,87.3,87.3,10:48:18,Breakfast,2018-07-08 15:21:37,75008,FR,EUR
120870811,7304,22355.0,13930.0,2020-02-28 12:29:35,2020-02-28 13:15:55,CLOSED,Tiller iPAD,2,68.7,68.7,12:29:35,Lunch,2018-07-08 15:21:37,75008,FR,EUR
40543935,7304,14172.0,13929.0,2018-09-05 11:12:28,2018-09-05 12:13:38,CLOSED,Tiller iPAD,2,62.3,62.3,11:12:28,Breakfast,2018-07-08 15:21:37,75008,FR,EUR
